,time,rtt,queue_delay,packet_loss,server_sending_rate,delivery_rate
0,1639835769,62.0,0.0,0.0,0.0,0.0
1,1639835769,82.0,0.0,0.0,0.0,0.0
2,1639835769,110.0,0.0,0.0,0.0,0.0
3,1639835770,129.0,0.0,0.0,0.0,0.0
4,1639835770,157.0,0.0,0.0,0.0,0.0
5,1639835770,165.0,0.0,0.0,0.0,0.0
6,1639835770,187.0,0.0,0.0,0.0,0.0
7,1639835770,202.0,0.0,0.0,0.0,0.0
8,1639835770,246.0,0.0,0.0,0.0,0.0
9,1639835770,252.0,0.0,25.0,0.0,0.0
10,1639835770,241.0,0.0,0.0,15.13064,11.74
11,1639835770,251.0,0.0,52.5,15.13064,11.74
12,1639835771,254.0,0.0,0.0,15.13064,11.74
13,1639835771,253.0,0.0,80.0,15.13064,11.74
14,1639835771,250.0,0.0,0.0,15.13064,11.74
15,1639835771,253.0,0.0,47.5,15.13064,11.74
16,1639835771,255.0,0.0,65.0,15.13064,11.74
17,1639835771,251.0,0.0,40.0,15.13064,11.74
18,1639835771,250.0,0.0,0.0,15.13064,11.74
19,1639835771,251.0,0.0,70.0,10.22768,11.74
20,1639835771,254.0,0.0,47.5,10.22768,6.67
21,1639835771,251.0,0.0,0.0,10.22768,6.67
22,1639835771,257.0,0.0,60.0,10.22768,6.67
23,1639835772,260.0,0.0,50.0,10.22768,6.67
24,1639835772,243.0,0.0,0.0,10.22768,6.67
25,1639835772,251.0,0.0,0.0,10.22768,6.67
26,1639835772,246.0,0.0,0.0,10.22768,6.67
27,1639835772,242.0,0.0,0.0,10.22768,6.67
28,1639835772,248.0,0.0,0.0,10.22768,6.67
29,1639835772,250.0,0.0,0.0,10.22768,6.67
30,1639835772,250.0,0.0,25.0,10.480736,6.67
31,1639835772,246.0,0.0,0.0,10.480736,6.67
32,1639835772,247.0,0.0,30.0,10.480736,9.2
33,1639835772,251.0,0.0,0.0,10.480736,9.2
34,1639835773,244.0,0.0,0.0,10.480736,9.2
35,1639835773,243.0,0.0,0.0,10.480736,9.2
36,1639835773,247.0,0.0,0.0,10.480736,9.2
37,1639835773,252.0,0.0,20.0,10.480736,9.2
38,1639835773,235.0,0.0,0.0,10.480736,9.2
39,1639835773,250.0,0.0,25.0,10.480736,9.2
40,1639835773,252.0,0.0,60.0,11.166096,9.2
41,1639835773,251.0,0.0,0.0,11.166096,9.2
42,1639835773,253.0,0.0,0.0,11.166096,10.22
43,1639835774,250.0,0.0,0.0,11.166096,10.22
44,1639835774,254.0,0.0,0.0,11.166096,10.22
45,1639835774,251.0,0.0,0.0,11.166096,10.22
46,1639835774,245.0,0.0,0.0,11.166096,10.22
47,1639835774,251.0,0.0,60.0,11.166096,10.22
48,1639835774,239.0,0.0,0.0,11.80928,10.22
49,1639835774,245.0,0.0,25.0,11.80928,10.22
50,1639835774,259.0,0.0,0.0,11.80928,10.22
51,1639835774,252.0,0.0,60.0,11.80928,10.46
52,1639835775,247.0,0.0,32.5,11.80928,10.46
53,1639835775,239.0,0.0,0.0,11.80928,10.46
54,1639835775,253.0,0.0,0.0,11.80928,10.46
55,1639835775,271.0,0.0,40.0,11.80928,10.46
56,1639835775,250.0,0.0,0.0,11.80928,10.46
57,1639835775,246.0,0.0,0.0,11.80928,10.46
58,1639835775,260.0,0.0,0.0,9.573952,10.46
59,1639835775,243.0,0.0,0.0,9.573952,10.46
60,1639835775,248.0,0.0,0.0,9.573952,8.35
61,1639835775,250.0,0.0,10.0,9.573952,8.35
62,1639835776,245.0,0.0,36.66,9.573952,8.35
63,1639835776,239.0,0.0,0.0,9.573952,8.35
64,1639835776,254.0,0.0,0.0,9.573952,8.35
65,1639835776,249.0,0.0,0.0,9.573952,8.35
66,1639835776,235.0,0.0,0.0,9.573952,8.35
67,1639835776,249.0,0.0,0.0,10.659984,8.35
68,1639835776,250.0,0.0,0.0,10.659984,8.35
69,1639835776,260.0,0.0,20.0,10.659984,8.35
70,1639835776,262.0,0.0,0.0,10.659984,9.11
71,1639835777,239.0,0.0,5.0,10.659984,9.11
72,1639835777,225.0,0.0,0.0,10.659984,9.11
73,1639835777,245.0,0.0,0.0,10.659984,9.11
74,1639835777,243.0,0.0,0.0,10.659984,9.11
75,1639835777,238.0,0.0,30.0,10.659984,9.11
76,1639835777,246.0,0.0,0.0,10.659984,9.11
77,1639835777,249.0,0.0,0.0,11.798736,9.11
78,1639835777,230.0,0.0,0.0,11.798736,9.11
79,1639835777,251.0,0.0,0.0,11.798736,9.11
80,1639835777,243.0,0.0,0.0,11.798736,10.68
81,1639835778,245.0,0.0,0.0,11.798736,10.68
82,1639835778,236.0,0.0,0.0,11.798736,10.68
83,1639835778,239.0,0.0,0.0,11.798736,10.68
84,1639835778,243.0,0.0,0.0,11.798736,10.68
85,1639835778,248.0,0.0,0.0,11.798736,10.68
86,1639835778,241.0,0.0,0.0,11.798736,10.68
87,1639835778,243.0,0.0,0.0,11.798736,10.68
88,1639835778,243.0,0.0,0.0,11.798736,10.68
89,1639835778,246.0,0.0,15.0,11.49296,10.68
90,1639835778,253.0,0.0,25.0,11.49296,10.68
91,1639835778,243.0,0.0,0.0,11.49296,10.68
92,1639835778,251.0,0.0,0.0,11.49296,11.02
93,1639835779,247.0,0.0,0.0,11.49296,11.02
94,1639835779,248.0,0.0,0.0,11.49296,11.02
95,1639835779,250.0,0.0,0.0,11.49296,11.02
96,1639835779,251.0,0.0,40.0,11.49296,11.02
97,1639835779,250.0,0.0,47.5,11.49296,11.02
98,1639835779,238.0,0.0,0.0,11.49296,11.02
99,1639835779,248.0,0.0,0.0,11.49296,11.02
100,1639835779,241.0,0.0,0.0,11.49296,11.02
101,1639835779,254.0,0.0,0.0,11.91472,11.02
102,1639835779,253.0,0.0,0.0,11.91472,11.02
103,1639835779,243.0,0.0,0.0,11.91472,11.02
104,1639835780,257.0,0.0,0.0,11.91472,11.02
105,1639835780,241.0,0.0,0.0,11.91472,11.02
106,1639835780,219.0,0.0,0.0,11.91472,11.02
107,1639835780,252.0,0.0,0.0,11.91472,11.02
108,1639835780,232.0,0.0,0.0,11.91472,11.02
109,1639835780,250.0,0.0,0.0,11.91472,11.02
110,1639835780,252.0,0.0,0.0,11.91472,11.02
111,1639835780,246.0,0.0,0.0,11.91472,11.02
112,1639835780,254.0,0.0,0.0,11.91472,11.02
113,1639835780,246.0,0.0,0.0,10.449104,11.02
114,1639835780,254.0,0.0,20.0,10.449104,11.02
115,1639835780,248.0,0.0,0.0,10.449104,11.02
116,1639835780,262.0,0.0,0.0,10.449104,11.02
117,1639835781,230.0,0.0,0.0,10.449104,11.04
118,1639835781,231.0,0.0,0.0,10.449104,11.04
119,1639835781,213.0,0.0,0.0,10.449104,11.04
120,1639835781,229.0,0.0,0.0,10.449104,11.04
121,1639835781,253.0,0.0,0.0,10.449104,11.04
122,1639835781,244.0,0.0,0.0,10.449104,11.04
123,1639835781,251.0,0.0,51.66,10.449104,11.04
124,1639835781,252.0,0.0,50.0,11.239904,11.04
125,1639835781,230.0,0.0,0.0,11.239904,11.04
126,1639835781,235.0,0.0,0.0,11.239904,11.04
127,1639835782,225.0,0.0,0.0,11.239904,9.65
128,1639835782,227.0,0.0,0.0,11.239904,9.65
129,1639835782,247.0,0.0,0.0,11.239904,9.65
130,1639835782,244.0,0.0,0.0,11.239904,9.65
131,1639835782,253.0,0.0,50.0,11.239904,9.65
132,1639835782,244.0,0.0,10.0,11.239904,9.65
133,1639835782,204.0,0.0,0.0,11.239904,9.65
134,1639835782,201.0,0.0,0.0,11.239904,9.65
135,1639835782,199.0,0.0,0.0,12.241584,9.65
136,1639835782,241.0,0.0,0.0,12.241584,9.65
137,1639835782,241.0,0.0,0.0,12.241584,9.65
138,1639835782,252.0,0.0,10.0,12.241584,9.65
139,1639835783,246.0,0.0,0.0,12.241584,9.65
140,1639835783,216.0,0.0,0.0,12.241584,11.74
141,1639835783,222.0,0.0,0.0,12.241584,11.74
142,1639835783,238.0,0.0,0.0,12.241584,11.74
143,1639835783,253.0,0.0,0.0,12.241584,11.74
144,1639835783,241.0,0.0,0.0,12.241584,11.74
145,1639835783,245.0,0.0,0.0,12.241584,11.74
146,1639835783,247.0,0.0,23.33,12.241584,11.74
147,1639835783,251.0,0.0,10.0,10.64944,11.74
148,1639835783,224.0,0.0,0.0,10.64944,11.74
149,1639835783,216.0,0.0,0.0,10.64944,11.74
150,1639835783,204.0,0.0,0.0,10.64944,11.74
151,1639835784,214.0,0.0,0.0,10.64944,11.74
152,1639835784,204.0,0.0,0.0,10.64944,11.74
153,1639835784,206.0,0.0,0.0,10.64944,11.32
154,1639835784,236.0,0.0,0.0,10.64944,11.32
155,1639835784,231.0,0.0,0.0,10.64944,11.32
156,1639835784,229.0,0.0,0.0,10.64944,11.32
157,1639835784,242.0,0.0,0.0,10.64944,11.32
158,1639835784,249.0,0.0,0.0,10.64944,11.32
159,1639835784,235.0,0.0,43.33,10.64944,11.32
160,1639835784,239.0,0.0,0.0,10.64944,11.32
161,1639835784,233.0,0.0,0.0,10.64944,11.32
162,1639835784,221.0,0.0,0.0,12.030704,11.32
163,1639835784,232.0,0.0,0.0,12.030704,11.32
164,1639835784,237.0,0.0,0.0,12.030704,11.32
165,1639835785,217.0,0.0,0.0,12.030704,11.32
166,1639835785,221.0,0.0,0.0,12.030704,11.32
167,1639835785,215.0,0.0,0.0,12.030704,9.62
168,1639835785,235.0,0.0,0.0,12.030704,9.62
169,1639835785,245.0,0.0,0.0,12.030704,9.62
170,1639835785,197.0,0.0,0.0,5.272,9.62
171,1639835786,194.0,0.0,0.0,5.272,9.62
172,1639835786,230.0,0.0,0.0,5.272,4.93
173,1639835786,222.0,0.0,0.0,5.272,4.93
174,1639835786,228.0,0.0,0.0,3.753664,4.93
175,1639835786,201.0,0.0,0.0,3.753664,4.93
176,1639835787,225.0,0.0,0.0,3.753664,4.93
177,1639835787,198.0,0.0,0.0,3.753664,4.93
178,1639835787,216.0,0.0,0.0,3.753664,5.83
179,1639835787,241.0,0.0,0.0,3.753664,5.83
180,1639835787,225.0,0.0,0.0,4.259776,5.83
181,1639835787,202.0,0.0,0.0,4.259776,5.83
182,1639835788,262.0,0.0,0.0,4.259776,5.83
183,1639835788,196.0,0.0,40.0,4.259776,5.83
184,1639835788,225.0,0.0,0.0,4.259776,4.56
185,1639835788,238.0,0.0,0.0,4.786976,4.56
186,1639835789,223.0,0.0,0.0,4.786976,4.56
187,1639835789,233.0,0.0,0.0,4.786976,4.56
188,1639835789,225.0,0.0,0.0,4.786976,4.57
189,1639835789,224.0,0.0,0.0,4.90296,4.57
190,1639835790,208.0,0.0,0.0,4.90296,4.57
191,1639835790,187.0,0.0,0.0,4.90296,4.57
192,1639835790,254.0,0.0,0.0,4.90296,5.1
193,1639835790,226.0,0.0,20.0,5.514512,5.1
194,1639835791,221.0,0.0,0.0,5.514512,5.1
195,1639835791,275.0,0.0,0.0,5.514512,5.1
196,1639835791,174.0,0.0,0.0,5.514512,5.1
197,1639835791,231.0,0.0,0.0,3.11048,4.31
198,1639835792,180.0,0.0,0.0,3.11048,4.31
199,1639835792,231.0,0.0,0.0,3.11048,4.31
200,1639835792,221.0,0.0,0.0,3.11048,4.31
201,1639835792,209.0,0.0,0.0,5.050576,4.31
202,1639835792,219.0,0.0,0.0,5.050576,4.31
203,1639835792,208.0,0.0,0.0,5.050576,5.75
204,1639835792,206.0,0.0,0.0,5.050576,5.75
205,1639835793,236.0,0.0,0.0,5.050576,5.75
206,1639835793,177.0,0.0,0.0,5.050576,5.75
207,1639835793,187.0,0.0,0.0,5.050576,5.75
208,1639835793,247.0,0.0,0.0,5.050576,5.75
209,1639835793,213.0,0.0,0.0,4.829152,5.75
210,1639835794,205.0,0.0,0.0,4.829152,5.01
211,1639835794,211.0,0.0,0.0,4.829152,5.01
212,1639835794,226.0,0.0,0.0,4.829152,5.01
213,1639835794,192.0,0.0,0.0,4.618272,5.01
214,1639835794,217.0,0.0,0.0,4.618272,5.01
215,1639835795,213.0,0.0,0.0,4.618272,4.37
216,1639835795,198.0,0.0,0.0,4.618272,4.37
217,1639835795,210.0,0.0,0.0,4.618272,4.37
218,1639835795,210.0,0.0,0.0,4.618272,4.37
219,1639835795,219.0,0.0,0.0,5.5356,4.37
220,1639835796,231.0,0.0,0.0,5.5356,7.02
221,1639835796,205.0,0.0,0.0,5.5356,7.02
222,1639835796,181.0,0.0,0.0,5.5356,7.02
223,1639835796,177.0,0.0,0.0,5.5356,7.02
224,1639835796,218.0,0.0,0.0,5.5356,7.02
225,1639835796,232.0,0.0,0.0,5.5356,7.02
226,1639835796,247.0,0.0,0.0,9.289264,7.02
227,1639835797,235.0,0.0,0.0,9.289264,7.02
228,1639835797,236.0,0.0,0.0,9.289264,8.19
229,1639835797,244.0,0.0,0.0,9.289264,8.19
230,1639835797,236.0,0.0,0.0,9.289264,8.19
231,1639835797,233.0,0.0,0.0,9.289264,8.19
232,1639835797,245.0,0.0,0.0,9.289264,8.19
233,1639835797,231.0,0.0,0.0,6.8536,8.19
234,1639835797,218.0,0.0,0.0,6.8536,8.19
235,1639835798,197.0,0.0,0.0,6.8536,8.19
236,1639835798,210.0,0.0,0.0,6.8536,8.19
237,1639835798,250.0,0.0,0.0,6.8536,7.09
238,1639835798,251.0,0.0,40.0,6.8536,7.09
239,1639835798,241.0,0.0,20.0,6.8536,7.09
240,1639835798,222.0,0.0,0.0,6.8536,7.09
241,1639835798,215.0,0.0,0.0,4.786976,7.09
242,1639835798,219.0,0.0,0.0,4.786976,7.09
243,1639835799,229.0,0.0,0.0,4.786976,7.09
244,1639835799,229.0,0.0,0.0,4.786976,7.09
245,1639835799,170.0,0.0,0.0,4.786976,7.09
246,1639835799,195.0,0.0,0.0,4.786976,5.33
247,1639835799,210.0,0.0,0.0,4.786976,5.33
248,1639835799,249.0,0.0,0.0,4.786976,5.33
249,1639835799,212.0,0.0,55.0,4.69208,5.33
250,1639835799,205.0,0.0,0.0,4.69208,5.33
251,1639835800,229.0,0.0,0.0,4.69208,5.33
252,1639835800,242.0,0.0,0.0,4.69208,5.33
253,1639835800,244.0,0.0,0.0,4.69208,5.7
254,1639835800,203.0,0.0,0.0,4.69208,5.7
255,1639835800,204.0,0.0,0.0,5.767568,5.7
256,1639835801,242.0,0.0,0.0,5.767568,5.7
257,1639835801,196.0,0.0,0.0,5.767568,5.7
258,1639835801,187.0,0.0,0.0,5.767568,3.9
259,1639835801,240.0,0.0,0.0,4.449568,3.9
260,1639835802,213.0,0.0,0.0,4.449568,3.9
261,1639835802,151.0,0.0,0.0,4.449568,3.9
262,1639835802,193.0,0.0,0.0,4.449568,3.9
263,1639835802,229.0,0.0,0.0,4.449568,6.7
264,1639835802,167.0,0.0,0.0,5.440704,6.7
265,1639835803,211.0,0.0,0.0,5.440704,6.7
266,1639835803,214.0,0.0,0.0,5.440704,6.7
267,1639835803,200.0,0.0,0.0,5.440704,6.7
268,1639835803,236.0,0.0,0.0,5.95736,6.7
269,1639835804,205.0,0.0,0.0,5.95736,6.59
270,1639835804,220.0,0.0,0.0,5.95736,6.59
271,1639835804,250.0,0.0,0.0,5.95736,6.59
272,1639835804,246.0,0.0,0.0,5.95736,6.59
273,1639835804,216.0,0.0,0.0,7.001216,6.59
274,1639835804,216.0,0.0,0.0,7.001216,7.45
275,1639835805,225.0,0.0,0.0,7.001216,7.45
276,1639835805,234.0,0.0,0.0,7.001216,7.45
277,1639835805,175.0,0.0,0.0,7.001216,7.45
278,1639835805,186.0,0.0,0.0,7.001216,7.45
279,1639835805,204.0,0.0,0.0,7.001216,7.45
280,1639835805,240.0,0.0,0.0,6.16824,5.9
281,1639835805,236.0,0.0,0.0,6.16824,5.9
282,1639835806,189.0,0.0,0.0,6.16824,5.9
283,1639835806,193.0,0.0,0.0,6.16824,5.9
284,1639835806,225.0,0.0,0.0,6.16824,5.9
285,1639835806,261.0,0.0,0.0,6.16824,5.9
286,1639835806,222.0,0.0,0.0,6.16824,5.9
287,1639835806,228.0,0.0,0.0,6.16824,5.9
288,1639835806,201.0,0.0,0.0,4.396848,5.9
289,1639835806,215.0,0.0,0.0,4.396848,5.9
290,1639835807,233.0,0.0,0.0,4.396848,5.9
291,1639835807,226.0,0.0,0.0,4.396848,5.11
292,1639835807,234.0,0.0,0.0,4.396848,5.11
293,1639835807,210.0,0.0,0.0,4.396848,5.11
294,1639835807,196.0,0.0,0.0,4.396848,5.11
295,1639835807,212.0,0.0,0.0,4.396848,5.11
296,1639835807,250.0,0.0,0.0,7.475696,5.11
297,1639835807,249.0,0.0,0.0,7.475696,5.11
298,1639835808,198.0,0.0,0.0,7.475696,5.11
299,1639835808,178.0,0.0,0.0,7.475696,7.53
300,1639835808,229.0,0.0,0.0,7.475696,7.53
301,1639835808,250.0,0.0,0.0,7.475696,7.53
302,1639835808,200.0,0.0,0.0,7.475696,7.53
303,1639835808,199.0,0.0,0.0,7.475696,7.53
304,1639835808,212.0,0.0,0.0,5.883552,7.53
305,1639835809,219.0,0.0,0.0,5.883552,4.84
306,1639835809,182.0,0.0,0.0,5.883552,4.84
307,1639835809,201.0,0.0,0.0,5.883552,4.84
308,1639835809,196.0,0.0,0.0,5.883552,4.84
309,1639835809,158.0,0.0,0.0,2.47784,4.84
310,1639835810,210.0,0.0,0.0,2.47784,4.84
311,1639835810,198.0,0.0,0.0,2.47784,3.5
312,1639835810,190.0,0.0,0.0,2.47784,3.5
313,1639835810,246.0,0.0,0.0,2.47784,3.5
314,1639835810,194.0,0.0,0.0,5.082208,3.5
315,1639835811,207.0,0.0,0.0,5.082208,3.5
316,1639835811,214.0,0.0,0.0,5.082208,5.49
317,1639835811,157.0,0.0,0.0,5.082208,5.49
318,1639835811,164.0,0.0,0.0,5.082208,5.49
319,1639835811,231.0,0.0,0.0,5.48288,5.49
320,1639835811,240.0,0.0,0.0,5.48288,5.49
321,1639835812,154.0,0.0,0.0,5.48288,5.49
322,1639835812,220.0,0.0,0.0,5.48288,5.49
323,1639835812,218.0,0.0,0.0,5.48288,5.55
324,1639835812,164.0,0.0,0.0,5.503968,5.55
325,1639835813,228.0,0.0,0.0,5.503968,5.55
326,1639835813,218.0,0.0,0.0,5.503968,5.55
327,1639835813,201.0,0.0,0.0,5.503968,5.55
328,1639835813,199.0,0.0,0.0,5.503968,5.55
329,1639835813,183.0,0.0,0.0,5.503968,6.27
330,1639835813,193.0,0.0,0.0,5.503968,6.27
331,1639835813,236.0,0.0,0.0,5.503968,6.27
332,1639835813,211.0,0.0,0.0,7.876368,6.27
333,1639835813,226.0,0.0,0.0,7.876368,6.27
334,1639835814,190.0,0.0,0.0,7.876368,6.27
335,1639835814,214.0,0.0,0.0,7.876368,6.27
336,1639835814,257.0,0.0,0.0,7.876368,6.27
337,1639835814,252.0,0.0,50.0,7.876368,7.3
338,1639835814,180.0,0.0,0.0,7.876368,7.3
339,1639835814,175.0,0.0,0.0,5.946816,7.3
340,1639835814,182.0,0.0,0.0,5.946816,7.3
341,1639835815,227.0,0.0,0.0,5.946816,7.3
342,1639835815,220.0,0.0,0.0,5.946816,7.3
343,1639835815,229.0,0.0,0.0,5.946816,7.3
344,1639835815,219.0,0.0,0.0,5.946816,7.3
345,1639835815,194.0,0.0,0.0,5.946816,7.3
346,1639835815,146.0,0.0,0.0,5.946816,6.88
347,1639835815,175.0,0.0,0.0,5.946816,6.88
348,1639835815,203.0,0.0,0.0,5.946816,6.88
349,1639835815,250.0,0.0,0.0,7.581136,6.88
350,1639835815,221.0,0.0,0.0,7.581136,6.88
351,1639835815,171.0,0.0,0.0,7.581136,6.88
352,1639835816,195.0,0.0,0.0,7.581136,6.88
353,1639835816,208.0,0.0,0.0,7.581136,6.88
354,1639835816,220.0,0.0,0.0,7.581136,6.82
355,1639835816,176.0,0.0,0.0,7.581136,6.82
356,1639835817,242.0,0.0,0.0,4.069984,6.82
357,1639835817,257.0,0.0,20.0,4.069984,6.82
358,1639835817,164.0,0.0,0.0,4.069984,6.82
359,1639835817,176.0,0.0,0.0,4.069984,6.82
360,1639835817,177.0,0.0,0.0,4.069984,6.82
361,1639835817,196.0,0.0,0.0,4.069984,6.82
362,1639835817,228.0,0.0,0.0,4.069984,5.3
363,1639835817,195.0,0.0,0.0,5.999536,5.3
364,1639835818,234.0,0.0,0.0,5.999536,5.3
365,1639835818,188.0,0.0,0.0,5.999536,5.3
366,1639835818,182.0,0.0,0.0,5.999536,5.3
367,1639835818,220.0,0.0,0.0,7.581136,7.1
368,1639835818,236.0,0.0,0.0,7.581136,7.1
369,1639835818,163.0,0.0,0.0,7.581136,7.1
370,1639835819,128.0,0.0,0.0,7.581136,7.1
371,1639835819,162.0,0.0,0.0,7.581136,7.1
372,1639835819,236.0,0.0,0.0,7.581136,7.1
373,1639835819,245.0,0.0,0.0,7.581136,7.1
374,1639835819,178.0,0.0,0.0,7.581136,7.1
375,1639835819,187.0,0.0,0.0,7.507328,8.45
376,1639835819,202.0,0.0,0.0,7.507328,8.45
377,1639835820,222.0,0.0,0.0,7.507328,8.45
378,1639835820,180.0,0.0,0.0,7.507328,8.45
379,1639835820,190.0,0.0,0.0,7.507328,8.45
380,1639835820,199.0,0.0,0.0,7.507328,8.45
381,1639835820,236.0,0.0,0.0,7.507328,8.45
382,1639835820,253.0,0.0,0.0,7.507328,8.45
383,1639835820,207.0,0.0,0.0,7.507328,8.45
384,1639835820,192.0,0.0,0.0,6.579456,7.52
385,1639835821,159.0,0.0,0.0,6.579456,7.52
386,1639835821,231.0,0.0,0.0,6.579456,7.52
387,1639835821,205.0,0.0,35.0,6.579456,7.52
388,1639835821,202.0,0.0,0.0,6.579456,7.52
389,1639835821,220.0,0.0,0.0,5.440704,3.97
390,1639835822,191.0,0.0,0.0,5.440704,3.97
391,1639835822,154.0,0.0,0.0,5.440704,3.97
392,1639835822,165.0,0.0,0.0,5.440704,3.97
393,1639835822,220.0,0.0,0.0,5.440704,3.97
394,1639835822,229.0,0.0,0.0,5.440704,3.97
395,1639835822,217.0,0.0,0.0,5.440704,3.97
396,1639835822,206.0,0.0,0.0,5.440704,3.97
397,1639835822,201.0,0.0,0.0,4.913504,6.26
398,1639835823,191.0,0.0,0.0,4.913504,6.26
399,1639835823,216.0,0.0,0.0,4.913504,6.26
400,1639835823,179.0,0.0,0.0,4.913504,6.26
401,1639835823,180.0,0.0,0.0,4.913504,6.26
402,1639835823,197.0,0.0,0.0,4.913504,6.26
403,1639835823,217.0,0.0,0.0,4.913504,6.26
404,1639835823,194.0,0.0,0.0,4.913504,6.26
405,1639835823,197.0,0.0,0.0,4.913504,6.26
406,1639835823,139.0,0.0,0.0,4.913504,6.26
407,1639835823,163.0,0.0,0.0,7.507328,6.26
408,1639835824,227.0,0.0,0.0,7.507328,6.26
409,1639835824,235.0,0.0,0.0,7.507328,7.95
410,1639835824,189.0,0.0,0.0,7.507328,7.95
411,1639835824,159.0,0.0,0.0,7.507328,7.95
412,1639835824,167.0,0.0,0.0,7.507328,7.95
413,1639835824,227.0,0.0,0.0,7.507328,7.95
414,1639835824,147.0,0.0,0.0,4.344128,7.95
415,1639835825,191.0,0.0,0.0,4.344128,4.31
416,1639835825,208.0,0.0,0.0,4.344128,4.31
417,1639835825,240.0,0.0,0.0,4.344128,4.31
418,1639835825,173.0,0.0,0.0,4.344128,4.31
419,1639835825,221.0,0.0,0.0,4.344128,4.31
420,1639835825,216.0,0.0,0.0,7.865824,4.31
421,1639835825,238.0,0.0,0.0,7.865824,4.31
422,1639835826,189.0,0.0,0.0,7.865824,4.31
423,1639835826,194.0,0.0,0.0,7.865824,4.31
424,1639835826,198.0,0.0,0.0,7.865824,10.2
425,1639835826,208.0,0.0,0.0,7.865824,10.2
426,1639835826,233.0,0.0,0.0,7.865824,10.2
427,1639835826,238.0,0.0,0.0,7.865824,10.2
428,1639835826,224.0,0.0,0.0,7.865824,10.2
429,1639835826,190.0,0.0,0.0,7.865824,10.2
430,1639835826,184.0,0.0,0.0,7.865824,10.2
431,1639835826,195.0,0.0,0.0,7.32808,10.2
432,1639835826,198.0,0.0,0.0,7.32808,10.2
433,1639835827,188.0,0.0,0.0,7.32808,10.2
434,1639835827,169.0,0.0,0.0,7.32808,10.2
435,1639835827,205.0,0.0,0.0,7.32808,6.37
436,1639835827,217.0,0.0,0.0,7.32808,6.37
437,1639835827,150.0,0.0,0.0,7.32808,6.37
438,1639835827,157.0,0.0,0.0,7.32808,6.37
439,1639835827,216.0,0.0,0.0,6.558368,6.37
440,1639835828,236.0,0.0,0.0,6.558368,6.37
441,1639835828,209.0,0.0,0.0,6.558368,6.37
442,1639835828,170.0,0.0,0.0,6.558368,6.5
443,1639835828,181.0,0.0,0.0,6.558368,6.5
444,1639835828,250.0,0.0,0.0,6.558368,6.5
445,1639835828,247.0,0.0,0.0,6.558368,6.5
446,1639835828,207.0,0.0,0.0,6.442384,6.5
447,1639835829,219.0,0.0,0.0,6.442384,6.5
448,1639835829,246.0,0.0,0.0,6.442384,6.5
449,1639835829,228.0,0.0,60.0,6.442384,6.5
450,1639835829,153.0,0.0,0.0,6.442384,7.09
451,1639835829,232.0,0.0,0.0,6.442384,7.09
452,1639835829,251.0,0.0,0.0,8.023984,7.09
453,1639835830,198.0,0.0,0.0,8.023984,7.09
454,1639835830,141.0,0.0,0.0,8.023984,7.09
455,1639835830,180.0,0.0,0.0,8.023984,7.09
456,1639835830,239.0,0.0,0.0,8.023984,6.89
457,1639835830,240.0,0.0,0.0,8.023984,6.89
458,1639835830,189.0,0.0,0.0,8.023984,6.89
459,1639835830,130.0,0.0,0.0,8.023984,6.89
460,1639835830,163.0,0.0,0.0,6.53728,6.89
461,1639835831,219.0,0.0,0.0,6.53728,6.89
462,1639835831,218.0,0.0,0.0,6.53728,6.89
463,1639835831,192.0,0.0,0.0,6.53728,6.89
464,1639835831,231.0,0.0,0.0,6.53728,6.89
465,1639835831,242.0,0.0,0.0,6.53728,7.04
466,1639835831,212.0,0.0,0.0,6.53728,7.04
467,1639835831,150.0,0.0,0.0,4.576096,7.04
468,1639835832,147.0,0.0,0.0,4.576096,7.04
469,1639835832,208.0,0.0,0.0,4.576096,7.04
470,1639835832,190.0,0.0,0.0,4.576096,7.04
471,1639835832,222.0,0.0,0.0,4.576096,5.58
472,1639835832,179.0,0.0,0.0,7.06448,5.58
473,1639835833,252.0,0.0,0.0,7.06448,5.58
474,1639835833,204.0,0.0,0.0,7.06448,5.58
475,1639835833,176.0,0.0,0.0,7.06448,6.54
476,1639835833,225.0,0.0,0.0,7.06448,6.54
477,1639835833,233.0,0.0,0.0,5.915184,6.54
478,1639835834,203.0,0.0,0.0,5.915184,6.54
479,1639835834,158.0,0.0,0.0,5.915184,6.54
480,1639835834,184.0,0.0,0.0,5.915184,6.54
481,1639835834,216.0,0.0,0.0,5.915184,6.54
482,1639835834,188.0,0.0,0.0,5.915184,8.44
483,1639835834,160.0,0.0,0.0,7.950176,8.44
484,1639835834,174.0,0.0,0.0,7.950176,8.44
485,1639835835,215.0,0.0,0.0,7.950176,8.44
486,1639835835,251.0,0.0,0.0,7.950176,8.44
487,1639835835,238.0,0.0,0.0,7.950176,8.44
488,1639835835,211.0,0.0,0.0,7.950176,8.44
489,1639835835,164.0,0.0,0.0,7.950176,8.44
490,1639835835,168.0,0.0,0.0,7.950176,8.44
491,1639835835,216.0,0.0,0.0,7.950176,8.44
492,1639835835,236.0,0.0,0.0,5.229824,5.81
493,1639835835,169.0,0.0,0.0,5.229824,5.81
494,1639835836,209.0,0.0,0.0,5.229824,5.81
495,1639835836,221.0,0.0,0.0,5.229824,5.81
496,1639835836,167.0,0.0,0.0,5.229824,5.81
497,1639835836,210.0,0.0,0.0,6.43184,5.81
498,1639835836,225.0,0.0,0.0,6.43184,6.7
499,1639835837,202.0,0.0,0.0,6.43184,6.7
500,1639835837,180.0,0.0,0.0,6.43184,6.7
501,1639835837,187.0,0.0,0.0,6.43184,6.7
502,1639835837,227.0,0.0,0.0,6.43184,6.7
503,1639835837,242.0,0.0,0.0,6.43184,6.7
504,1639835837,176.0,0.0,0.0,6.43184,6.7
505,1639835838,228.0,0.0,0.0,7.191008,6.53
506,1639835838,240.0,0.0,0.0,7.191008,6.53
507,1639835838,193.0,0.0,0.0,7.191008,6.53
508,1639835838,179.0,0.0,0.0,7.191008,6.53
509,1639835838,138.0,0.0,0.0,7.191008,6.53
510,1639835838,216.0,0.0,0.0,7.191008,6.53
511,1639835838,216.0,0.0,0.0,7.191008,6.53
512,1639835839,211.0,0.0,0.0,5.7992,8.29
513,1639835839,172.0,0.0,0.0,5.7992,8.29
514,1639835839,185.0,0.0,0.0,5.7992,8.29
515,1639835839,217.0,0.0,0.0,5.7992,8.29
516,1639835839,194.0,0.0,0.0,5.7992,8.29
517,1639835839,190.0,0.0,0.0,4.523376,8.29
518,1639835840,235.0,0.0,0.0,4.523376,4.49
519,1639835840,191.0,0.0,0.0,4.523376,4.49
520,1639835840,189.0,0.0,0.0,4.523376,4.49
521,1639835840,194.0,0.0,0.0,4.523376,4.49
522,1639835840,241.0,0.0,0.0,4.523376,4.49
523,1639835840,250.0,0.0,0.0,4.523376,4.49
524,1639835840,184.0,0.0,0.0,7.844736,4.49
525,1639835841,253.0,0.0,0.0,7.844736,7.79
526,1639835841,183.0,0.0,0.0,7.844736,7.79
527,1639835841,198.0,0.0,0.0,7.844736,7.79
528,1639835841,198.0,0.0,0.0,7.844736,7.79
529,1639835842,214.0,0.0,0.0,5.303632,7.79
530,1639835842,166.0,0.0,0.0,5.303632,7.79
531,1639835842,201.0,0.0,0.0,5.303632,5.46
532,1639835842,158.0,0.0,0.0,5.303632,5.46
533,1639835842,167.0,0.0,0.0,5.303632,5.46
534,1639835843,197.0,0.0,0.0,6.157696,5.46
535,1639835843,213.0,0.0,0.0,6.157696,5.46
536,1639835843,179.0,0.0,0.0,6.157696,7.43
537,1639835843,180.0,0.0,0.0,6.157696,7.43
538,1639835843,181.0,0.0,0.0,6.157696,7.43
539,1639835843,197.0,0.0,0.0,6.157696,7.43
540,1639835843,235.0,0.0,0.0,6.157696,7.43
541,1639835843,182.0,0.0,0.0,6.157696,7.43
542,1639835843,194.0,0.0,0.0,7.908,7.43
543,1639835844,180.0,0.0,0.0,7.908,7.43
544,1639835844,202.0,0.0,0.0,7.908,7.12
545,1639835844,201.0,0.0,0.0,7.908,7.12
546,1639835844,181.0,0.0,0.0,7.908,7.12
547,1639835844,188.0,0.0,0.0,7.908,7.12
548,1639835844,180.0,0.0,0.0,7.908,7.12
549,1639835844,141.0,0.0,0.0,7.908,7.12
550,1639835844,148.0,0.0,0.0,6.199872,7.12
551,1639835845,189.0,0.0,0.0,6.199872,7.12
552,1639835845,212.0,0.0,0.0,6.199872,7.12
553,1639835845,202.0,0.0,0.0,6.199872,7.0
554,1639835845,194.0,0.0,0.0,6.199872,7.0
555,1639835845,194.0,0.0,0.0,6.199872,7.0
556,1639835845,193.0,0.0,0.0,6.199872,7.0
557,1639835845,199.0,0.0,0.0,6.199872,7.0
558,1639835845,264.0,0.0,0.0,7.760384,7.0
559,1639835846,187.0,0.0,0.0,7.760384,7.0
560,1639835846,231.0,0.0,0.0,7.760384,7.18
561,1639835846,151.0,0.0,0.0,7.760384,7.18
562,1639835846,225.0,0.0,0.0,7.760384,7.18
563,1639835846,244.0,0.0,0.0,7.760384,7.18
564,1639835847,212.0,0.0,0.0,5.37744,7.18
565,1639835847,162.0,0.0,0.0,5.37744,7.18
566,1639835847,227.0,0.0,0.0,5.37744,5.4
567,1639835847,236.0,0.0,0.0,5.37744,5.4
568,1639835847,195.0,0.0,0.0,5.37744,5.4
569,1639835847,199.0,0.0,0.0,5.37744,5.4
570,1639835847,178.0,0.0,0.0,5.37744,5.4
571,1639835847,197.0,0.0,0.0,6.48456,5.4
572,1639835848,167.0,0.0,0.0,6.48456,5.4
573,1639835848,174.0,0.0,0.0,6.48456,5.4
574,1639835848,205.0,0.0,0.0,6.48456,5.4
575,1639835848,226.0,0.0,0.0,6.48456,5.4
576,1639835848,209.0,0.0,0.0,6.48456,8.57
577,1639835848,165.0,0.0,0.0,6.48456,8.57
578,1639835848,177.0,0.0,0.0,6.48456,8.57
579,1639835848,185.0,0.0,0.0,7.317536,8.57
580,1639835849,179.0,0.0,0.0,7.317536,8.57
581,1639835849,158.0,0.0,0.0,7.317536,8.57
582,1639835849,174.0,0.0,0.0,7.317536,8.57
583,1639835849,219.0,0.0,0.0,7.317536,6.23
584,1639835849,161.0,0.0,0.0,7.317536,6.23
585,1639835850,187.0,0.0,0.0,6.400208,6.23
586,1639835850,212.0,0.0,0.0,6.400208,6.23
587,1639835850,220.0,0.0,0.0,6.400208,6.23
588,1639835850,217.0,0.0,0.0,6.400208,6.23
589,1639835850,239.0,0.0,0.0,6.400208,6.23
590,1639835850,157.0,0.0,0.0,6.400208,6.23
591,1639835850,167.0,0.0,0.0,6.400208,6.23
592,1639835850,229.0,0.0,0.0,5.398528,7.32
593,1639835851,180.0,0.0,0.0,5.398528,7.32
594,1639835851,205.0,0.0,0.0,5.398528,7.32
595,1639835851,216.0,0.0,0.0,5.398528,7.32
596,1639835851,249.0,0.0,0.0,5.398528,7.32
597,1639835851,199.0,0.0,0.0,5.398528,7.86
598,1639835852,239.0,0.0,0.0,8.846416,7.86
599,1639835852,245.0,0.0,0.0,8.846416,7.86
600,1639835852,161.0,0.0,0.0,8.846416,7.86
601,1639835852,211.0,0.0,0.0,8.846416,7.86
602,1639835852,216.0,0.0,0.0,8.846416,7.86
603,1639835852,203.0,0.0,0.0,8.846416,7.86
604,1639835852,192.0,0.0,0.0,4.987312,7.86
605,1639835853,222.0,0.0,0.0,4.987312,7.01
606,1639835853,243.0,0.0,0.0,4.987312,7.01
607,1639835853,221.0,0.0,0.0,4.987312,7.01
608,1639835853,188.0,0.0,0.0,4.987312,7.01
609,1639835853,198.0,0.0,0.0,4.987312,7.01
610,1639835853,227.0,0.0,0.0,7.623312,7.01
611,1639835853,238.0,0.0,0.0,7.623312,6.69
612,1639835854,150.0,0.0,0.0,7.623312,6.69
613,1639835854,193.0,0.0,0.0,7.623312,6.69
614,1639835854,225.0,0.0,0.0,7.623312,6.69
615,1639835854,181.0,0.0,0.0,7.623312,6.69
616,1639835854,177.0,0.0,0.0,5.5356,6.69
617,1639835855,221.0,0.0,0.0,5.5356,6.82
618,1639835855,230.0,0.0,0.0,5.5356,6.82
619,1639835855,179.0,0.0,0.0,5.5356,6.82
620,1639835855,171.0,0.0,0.0,5.5356,6.82
621,1639835855,224.0,0.0,0.0,5.5356,6.82
622,1639835855,256.0,0.0,0.0,5.820288,6.82
623,1639835856,187.0,0.0,0.0,5.820288,5.88
624,1639835856,197.0,0.0,0.0,5.820288,5.88
625,1639835856,187.0,0.0,0.0,5.820288,5.88
626,1639835856,213.0,0.0,0.0,5.820288,5.88
627,1639835856,213.0,0.0,0.0,5.820288,5.88
628,1639835856,169.0,0.0,0.0,5.820288,5.88
629,1639835856,191.0,0.0,0.0,5.820288,5.88
630,1639835857,207.0,0.0,0.0,5.609408,6.02
631,1639835857,214.0,0.0,0.0,5.609408,6.02
632,1639835857,162.0,0.0,0.0,5.609408,6.02
633,1639835857,181.0,0.0,0.0,5.609408,6.02
634,1639835857,187.0,0.0,0.0,5.609408,6.02
635,1639835857,216.0,0.0,0.0,5.609408,6.02
636,1639835857,187.0,0.0,0.0,5.609408,6.02
637,1639835857,180.0,0.0,0.0,8.087248,6.02
638,1639835857,193.0,0.0,0.0,8.087248,6.02
639,1639835858,251.0,0.0,10.0,8.087248,8.15
640,1639835858,153.0,0.0,0.0,8.087248,8.15
641,1639835858,163.0,0.0,0.0,8.087248,8.15
642,1639835858,184.0,0.0,0.0,8.087248,8.15
643,1639835858,197.0,0.0,0.0,8.087248,8.15
644,1639835858,233.0,0.0,0.0,8.087248,8.15
645,1639835858,250.0,0.0,0.0,8.087248,8.15
646,1639835858,171.0,0.0,0.0,5.282544,8.15
647,1639835859,153.0,0.0,0.0,5.282544,8.15
648,1639835859,168.0,0.0,0.0,5.282544,8.15
649,1639835859,182.0,0.0,0.0,5.282544,8.15
650,1639835859,234.0,0.0,0.0,5.282544,5.9
651,1639835859,189.0,0.0,0.0,5.282544,5.9
652,1639835859,150.0,0.0,0.0,5.282544,5.9
653,1639835859,204.0,0.0,0.0,5.999536,5.9
654,1639835860,191.0,0.0,0.0,5.999536,5.9
655,1639835860,150.0,0.0,0.0,5.999536,5.49
656,1639835860,177.0,0.0,0.0,5.999536,5.49
657,1639835860,206.0,0.0,0.0,5.999536,5.49
658,1639835860,205.0,0.0,0.0,5.999536,5.49
659,1639835860,226.0,0.0,0.0,5.999536,5.49
660,1639835860,219.0,0.0,0.0,5.999536,5.49
661,1639835860,207.0,0.0,0.0,9.204912,5.49
662,1639835860,205.0,0.0,0.0,9.204912,5.49
663,1639835861,186.0,0.0,0.0,9.204912,5.49
664,1639835861,177.0,0.0,0.0,9.204912,5.49
665,1639835861,202.0,0.0,0.0,9.204912,9.22
666,1639835861,218.0,0.0,0.0,9.204912,9.22
667,1639835861,247.0,0.0,0.0,9.204912,9.22
668,1639835861,250.0,0.0,0.0,9.204912,9.22
669,1639835861,212.0,0.0,0.0,9.204912,9.22
670,1639835861,146.0,0.0,0.0,9.204912,9.22
671,1639835861,145.0,0.0,0.0,9.204912,9.22
672,1639835861,163.0,0.0,0.0,9.204912,9.22
673,1639835861,214.0,0.0,0.0,7.69712,9.22
674,1639835861,229.0,0.0,0.0,7.69712,9.22
675,1639835862,177.0,0.0,0.0,7.69712,9.22
676,1639835862,168.0,0.0,0.0,7.69712,8.22
677,1639835862,177.0,0.0,0.0,7.69712,8.22
678,1639835862,189.0,0.0,0.0,7.69712,8.22
679,1639835862,183.0,0.0,0.0,7.69712,8.22
680,1639835862,188.0,0.0,0.0,7.69712,8.22
681,1639835862,160.0,0.0,0.0,7.69712,8.22
682,1639835862,158.0,0.0,0.0,7.69712,8.22
683,1639835863,213.0,0.0,0.0,7.043392,8.22
684,1639835863,205.0,0.0,0.0,7.043392,8.22
685,1639835863,225.0,0.0,0.0,7.043392,8.22
686,1639835863,185.0,0.0,0.0,7.043392,7.7
687,1639835863,178.0,0.0,0.0,7.043392,7.7
688,1639835863,193.0,0.0,0.0,7.043392,7.7
689,1639835863,184.0,0.0,0.0,7.043392,7.7
690,1639835863,229.0,0.0,0.0,5.48288,7.7
691,1639835864,183.0,0.0,0.0,5.48288,7.7
692,1639835864,207.0,0.0,0.0,5.48288,4.67
693,1639835864,210.0,0.0,0.0,5.48288,4.67
694,1639835864,231.0,0.0,0.0,5.48288,4.67
695,1639835864,183.0,0.0,0.0,5.48288,4.67
696,1639835865,216.0,0.0,0.0,3.996176,4.67
697,1639835865,214.0,0.0,0.0,3.996176,4.67
698,1639835865,168.0,0.0,0.0,3.996176,3.94
699,1639835865,217.0,0.0,0.0,3.996176,3.94
700,1639835865,211.0,0.0,0.0,3.996176,3.94
701,1639835865,191.0,0.0,0.0,3.996176,3.94
702,1639835865,169.0,0.0,0.0,3.996176,3.94
703,1639835866,180.0,0.0,0.0,6.990672,3.94
704,1639835866,177.0,0.0,0.0,6.990672,3.94
705,1639835866,159.0,0.0,0.0,6.990672,3.94
706,1639835866,152.0,0.0,0.0,6.990672,3.94
707,1639835866,158.0,0.0,0.0,6.990672,3.94
708,1639835866,179.0,0.0,0.0,6.990672,8.45
709,1639835866,186.0,0.0,0.0,6.990672,8.45
710,1639835866,188.0,0.0,0.0,6.990672,8.45
711,1639835866,182.0,0.0,0.0,6.990672,8.45
712,1639835866,196.0,0.0,0.0,6.990672,8.45
713,1639835866,163.0,0.0,0.0,7.412432,8.45
714,1639835867,149.0,0.0,0.0,7.412432,8.45
715,1639835867,176.0,0.0,0.0,7.412432,8.45
716,1639835867,190.0,0.0,0.0,7.412432,8.45
717,1639835867,176.0,0.0,0.0,7.412432,7.18
718,1639835867,171.0,0.0,0.0,7.412432,7.18
719,1639835867,181.0,0.0,0.0,7.412432,7.18
720,1639835867,191.0,0.0,0.0,7.412432,7.18
721,1639835867,196.0,0.0,0.0,7.412432,7.18
722,1639835867,204.0,0.0,0.0,5.778112,7.18
723,1639835868,210.0,0.0,0.0,5.778112,7.18
724,1639835868,201.0,0.0,0.0,5.778112,7.18
725,1639835868,192.0,0.0,0.0,5.778112,7.18
726,1639835868,187.0,0.0,0.0,5.778112,7.18
727,1639835868,221.0,0.0,0.0,5.778112,5.52
728,1639835868,206.0,0.0,0.0,5.778112,5.52
729,1639835868,178.0,0.0,0.0,5.778112,5.52
730,1639835868,183.0,0.0,0.0,5.778112,5.52
731,1639835868,174.0,0.0,0.0,5.778112,5.52
732,1639835868,202.0,0.0,0.0,6.231504,5.52
733,1639835869,226.0,0.0,0.0,6.231504,5.52
734,1639835869,217.0,0.0,0.0,6.231504,5.52
735,1639835869,197.0,0.0,0.0,6.231504,5.52
736,1639835869,194.0,0.0,0.0,6.231504,5.52
737,1639835869,186.0,0.0,0.0,6.231504,6.39
738,1639835869,177.0,0.0,0.0,6.231504,6.39
739,1639835869,203.0,0.0,0.0,6.231504,6.39
740,1639835869,192.0,0.0,0.0,6.231504,6.39
741,1639835869,197.0,0.0,0.0,6.231504,6.39
742,1639835869,187.0,0.0,0.0,6.231504,6.39
743,1639835869,157.0,0.0,0.0,6.231504,6.39
744,1639835870,190.0,0.0,0.0,6.674352,6.39
745,1639835870,205.0,0.0,0.0,6.674352,6.39
746,1639835870,225.0,0.0,0.0,6.674352,6.39
747,1639835870,201.0,0.0,0.0,6.674352,6.39
748,1639835870,199.0,0.0,0.0,6.674352,6.39
749,1639835870,181.0,0.0,0.0,6.674352,8.69
750,1639835870,190.0,0.0,0.0,6.674352,8.69
751,1639835870,208.0,0.0,0.0,6.674352,8.69
752,1639835870,205.0,0.0,0.0,9.057296,8.69
753,1639835871,224.0,0.0,0.0,9.057296,8.69
754,1639835871,244.0,0.0,0.0,9.057296,8.69
755,1639835871,201.0,0.0,0.0,9.057296,8.69
756,1639835871,176.0,0.0,0.0,9.057296,8.69
757,1639835871,168.0,0.0,0.0,9.057296,8.69
758,1639835871,205.0,0.0,0.0,9.057296,7.95
759,1639835871,189.0,0.0,0.0,9.057296,7.95
760,1639835871,205.0,0.0,0.0,9.057296,7.95
761,1639835871,162.0,0.0,0.0,6.779792,7.95
762,1639835871,164.0,0.0,0.0,6.779792,7.95
763,1639835872,193.0,0.0,0.0,6.779792,7.95
764,1639835872,205.0,0.0,0.0,6.779792,7.95
765,1639835872,218.0,0.0,0.0,6.779792,7.95
766,1639835872,184.0,0.0,0.0,6.779792,7.95
767,1639835872,146.0,0.0,0.0,6.779792,7.95
768,1639835872,188.0,0.0,0.0,6.779792,8.09
769,1639835872,211.0,0.0,0.0,6.779792,8.09
770,1639835873,197.0,0.0,0.0,7.950176,8.09
771,1639835873,137.0,0.0,0.0,7.950176,8.09
772,1639835873,151.0,0.0,0.0,7.950176,8.09
773,1639835873,174.0,0.0,0.0,7.950176,8.09
774,1639835873,252.0,0.0,0.0,7.950176,8.09
775,1639835873,252.0,0.0,0.0,7.950176,8.09
776,1639835873,186.0,0.0,40.0,7.950176,8.09
777,1639835873,214.0,0.0,0.0,7.950176,8.09
778,1639835873,216.0,0.0,0.0,7.950176,8.51
779,1639835873,220.0,0.0,0.0,7.32808,8.51
780,1639835874,179.0,0.0,0.0,7.32808,8.51
781,1639835874,165.0,0.0,0.0,7.32808,8.51
782,1639835874,219.0,0.0,0.0,7.32808,8.51
783,1639835874,235.0,0.0,0.0,7.32808,8.51
784,1639835874,178.0,0.0,0.0,7.32808,4.91
785,1639835874,191.0,0.0,0.0,6.663808,4.91
786,1639835875,195.0,0.0,0.0,6.663808,4.91
787,1639835875,228.0,0.0,0.0,6.663808,4.91
788,1639835875,213.0,0.0,0.0,6.663808,4.91
789,1639835875,189.0,0.0,0.0,6.663808,4.91
790,1639835875,177.0,0.0,0.0,6.663808,4.91
791,1639835875,151.0,0.0,0.0,6.663808,4.91
792,1639835875,211.0,0.0,0.0,6.663808,6.5
793,1639835875,228.0,0.0,0.0,6.663808,6.5
794,1639835876,190.0,0.0,0.0,5.767568,6.5
795,1639835876,173.0,0.0,0.0,5.767568,6.5
796,1639835876,201.0,0.0,0.0,5.767568,6.5
797,1639835876,223.0,0.0,0.0,5.767568,6.5
798,1639835876,203.0,0.0,0.0,5.767568,6.5
799,1639835876,206.0,0.0,0.0,5.767568,6.5
800,1639835876,167.0,0.0,0.0,5.767568,6.5
801,1639835876,178.0,0.0,0.0,5.767568,6.5
802,1639835876,160.0,0.0,0.0,5.662128,6.73
803,1639835877,161.0,0.0,0.0,5.662128,6.73
804,1639835877,206.0,0.0,0.0,5.662128,6.73
805,1639835877,198.0,0.0,0.0,5.662128,6.73
806,1639835877,228.0,0.0,0.0,5.662128,6.73
807,1639835877,177.0,0.0,0.0,5.662128,6.73
808,1639835877,151.0,0.0,0.0,5.662128,6.73
809,1639835877,172.0,0.0,0.0,5.662128,6.73
810,1639835877,206.0,0.0,0.0,5.662128,6.73
811,1639835877,212.0,0.0,0.0,7.74984,8.05
812,1639835878,199.0,0.0,0.0,7.74984,8.05
813,1639835878,173.0,0.0,0.0,7.74984,8.05
814,1639835878,166.0,0.0,0.0,7.74984,8.05
815,1639835878,183.0,0.0,0.0,7.74984,8.05
816,1639835878,175.0,0.0,0.0,7.74984,8.05
817,1639835878,167.0,0.0,0.0,7.74984,8.05
818,1639835878,186.0,0.0,0.0,7.454608,8.05
819,1639835879,193.0,0.0,0.0,7.454608,7.46
820,1639835879,179.0,0.0,0.0,7.454608,7.46
821,1639835879,202.0,0.0,0.0,7.454608,7.46
822,1639835879,237.0,0.0,0.0,7.454608,7.46
823,1639835880,214.0,0.0,0.0,6.252592,6.12
824,1639835880,185.0,0.0,0.0,6.252592,6.12
825,1639835880,182.0,0.0,0.0,6.252592,6.12
826,1639835880,208.0,0.0,0.0,6.252592,6.12
827,1639835880,214.0,0.0,0.0,6.252592,6.12
828,1639835880,179.0,0.0,0.0,6.252592,6.12
829,1639835880,140.0,0.0,0.0,6.252592,6.12
830,1639835881,236.0,0.0,0.0,7.623312,6.84
831,1639835881,270.0,0.0,0.0,7.623312,6.84
832,1639835881,164.0,0.0,40.0,7.623312,6.84
833,1639835881,164.0,0.0,0.0,7.623312,6.84
834,1639835881,184.0,0.0,0.0,7.623312,6.84
835,1639835881,238.0,0.0,0.0,7.623312,6.84
836,1639835881,244.0,0.0,0.0,7.623312,6.84
837,1639835881,182.0,0.0,0.0,7.623312,6.84
838,1639835881,180.0,0.0,0.0,5.894096,6.84
839,1639835882,184.0,0.0,0.0,5.894096,7.57
840,1639835882,207.0,0.0,0.0,5.894096,7.57
841,1639835882,223.0,0.0,0.0,5.894096,7.57
842,1639835882,165.0,0.0,0.0,5.894096,7.57
843,1639835882,163.0,0.0,0.0,5.894096,7.57
844,1639835882,168.0,0.0,0.0,5.894096,7.57
845,1639835882,196.0,0.0,0.0,5.894096,7.57
846,1639835882,213.0,0.0,0.0,5.894096,7.57
847,1639835883,202.0,0.0,0.0,6.885232,7.57
848,1639835883,185.0,0.0,0.0,6.885232,6.86
849,1639835883,191.0,0.0,0.0,6.885232,6.86
850,1639835883,222.0,0.0,0.0,6.885232,6.86
851,1639835883,212.0,0.0,0.0,6.885232,6.86
852,1639835883,159.0,0.0,0.0,6.885232,6.86
853,1639835883,179.0,0.0,0.0,6.885232,6.86
854,1639835883,209.0,0.0,0.0,5.134928,6.86
855,1639835884,225.0,0.0,0.0,5.134928,6.86
856,1639835884,226.0,0.0,0.0,5.134928,6.86
857,1639835884,212.0,0.0,0.0,5.134928,5.1
858,1639835884,181.0,0.0,0.0,5.134928,5.1
859,1639835884,175.0,0.0,0.0,5.134928,5.1
860,1639835884,167.0,0.0,0.0,5.134928,5.1
861,1639835884,154.0,0.0,0.0,5.134928,5.1
862,1639835884,186.0,0.0,0.0,5.134928,5.1
863,1639835884,211.0,0.0,0.0,5.134928,5.1
864,1639835884,222.0,0.0,0.0,5.134928,5.1
865,1639835885,190.0,0.0,0.0,8.308672,5.1
866,1639835885,192.0,0.0,0.0,8.308672,8.26
867,1639835885,174.0,0.0,0.0,8.308672,8.26
868,1639835885,178.0,0.0,0.0,8.308672,8.26
869,1639835885,188.0,0.0,0.0,8.308672,8.26
870,1639835885,200.0,0.0,0.0,8.308672,8.26
871,1639835885,227.0,0.0,0.0,8.308672,8.26
872,1639835886,170.0,0.0,0.0,6.368576,8.26
873,1639835886,159.0,0.0,0.0,6.368576,8.26
874,1639835886,232.0,0.0,0.0,6.368576,6.79
875,1639835886,156.0,0.0,0.0,6.368576,6.79
876,1639835886,186.0,0.0,0.0,6.368576,6.79
877,1639835886,210.0,0.0,0.0,6.368576,6.79
878,1639835887,225.0,0.0,0.0,5.387984,6.79
879,1639835887,186.0,0.0,0.0,5.387984,5.43
880,1639835887,188.0,0.0,0.0,5.387984,5.43
881,1639835887,200.0,0.0,0.0,5.387984,5.43
882,1639835887,213.0,0.0,0.0,5.387984,5.43
883,1639835887,229.0,0.0,0.0,5.387984,5.43
884,1639835887,210.0,0.0,0.0,5.387984,5.43
885,1639835887,161.0,0.0,0.0,5.387984,5.43
886,1639835888,202.0,0.0,0.0,6.052256,5.43
887,1639835888,219.0,0.0,0.0,6.052256,5.43
888,1639835888,229.0,0.0,0.0,6.052256,6.36
889,1639835888,189.0,0.0,0.0,6.052256,6.36
890,1639835888,216.0,0.0,0.0,6.052256,6.36
891,1639835888,226.0,0.0,0.0,6.052256,6.36
892,1639835889,201.0,0.0,0.0,6.769248,6.36
893,1639835889,175.0,0.0,0.0,6.769248,6.36
894,1639835889,192.0,0.0,0.0,6.769248,6.36
895,1639835889,196.0,0.0,0.0,6.769248,7.66
896,1639835889,208.0,0.0,0.0,6.769248,7.66
897,1639835889,193.0,0.0,0.0,6.769248,7.66
898,1639835889,196.0,0.0,0.0,6.769248,7.66
899,1639835889,181.0,0.0,0.0,6.769248,7.66
900,1639835889,172.0,0.0,0.0,6.769248,7.66
901,1639835889,188.0,0.0,0.0,7.148832,7.66
902,1639835890,218.0,0.0,0.0,7.148832,7.66
903,1639835890,186.0,0.0,0.0,7.148832,7.66
904,1639835890,175.0,0.0,0.0,7.148832,7.66
905,1639835890,167.0,0.0,0.0,7.148832,7.66
906,1639835890,144.0,0.0,0.0,7.148832,8.69
907,1639835890,193.0,0.0,0.0,7.148832,8.69
908,1639835890,197.0,0.0,0.0,7.148832,8.69
909,1639835890,187.0,0.0,0.0,6.916864,8.69
910,1639835891,171.0,0.0,0.0,6.916864,8.69
911,1639835891,184.0,0.0,0.0,6.916864,8.69
912,1639835891,178.0,0.0,0.0,6.916864,8.69
913,1639835891,192.0,0.0,0.0,6.916864,6.66
914,1639835891,212.0,0.0,0.0,6.916864,6.66
915,1639835891,177.0,0.0,0.0,6.916864,6.66
916,1639835891,202.0,0.0,0.0,6.916864,6.66
917,1639835891,179.0,0.0,0.0,6.916864,6.66
918,1639835891,180.0,0.0,0.0,9.711024,6.66
919,1639835892,185.0,0.0,0.0,9.711024,6.66
920,1639835892,203.0,0.0,0.0,9.711024,6.66
921,1639835892,217.0,0.0,0.0,9.711024,6.66
922,1639835892,209.0,0.0,0.0,9.711024,6.66
923,1639835892,207.0,0.0,0.0,9.711024,6.66
924,1639835892,211.0,0.0,0.0,9.711024,8.58
925,1639835892,189.0,0.0,0.0,9.711024,8.58
926,1639835893,208.0,0.0,0.0,5.978448,8.58
927,1639835893,196.0,0.0,0.0,5.978448,8.58
928,1639835893,174.0,0.0,0.0,5.978448,8.58
929,1639835893,158.0,0.0,0.0,5.978448,8.58
930,1639835893,140.0,0.0,0.0,5.978448,8.58
931,1639835893,145.0,0.0,0.0,5.978448,8.58
932,1639835893,187.0,0.0,0.0,5.978448,8.58
933,1639835893,185.0,0.0,0.0,5.978448,8.58
934,1639835893,162.0,0.0,0.0,5.978448,8.32
935,1639835893,184.0,0.0,0.0,7.739296,8.32
936,1639835894,194.0,0.0,0.0,7.739296,8.32
937,1639835894,202.0,0.0,0.0,7.739296,8.32
938,1639835894,152.0,0.0,0.0,7.739296,8.32
939,1639835894,198.0,0.0,0.0,7.739296,8.32
940,1639835894,170.0,0.0,0.0,7.739296,6.16
941,1639835894,167.0,0.0,0.0,7.739296,6.16
942,1639835894,163.0,0.0,0.0,6.64272,6.16
943,1639835895,165.0,0.0,0.0,6.64272,6.16
944,1639835895,206.0,0.0,0.0,6.64272,6.16
945,1639835895,219.0,0.0,0.0,6.64272,6.16
946,1639835895,161.0,0.0,0.0,6.64272,6.16
947,1639835895,221.0,0.0,0.0,6.64272,6.16
948,1639835895,218.0,0.0,0.0,6.64272,7.7
949,1639835896,187.0,0.0,0.0,5.788656,7.7
950,1639835896,188.0,0.0,0.0,5.788656,7.7
951,1639835896,228.0,0.0,0.0,5.788656,7.7
952,1639835896,168.0,0.0,0.0,5.788656,7.7
953,1639835896,176.0,0.0,0.0,5.788656,7.7
954,1639835896,148.0,0.0,0.0,5.788656,7.7
955,1639835896,151.0,0.0,0.0,7.264816,5.53
956,1639835897,188.0,0.0,0.0,7.264816,5.53
957,1639835897,194.0,0.0,0.0,7.264816,5.53
958,1639835897,136.0,0.0,0.0,7.264816,5.53
959,1639835897,147.0,0.0,0.0,7.264816,5.53
960,1639835897,193.0,0.0,0.0,7.264816,5.53
961,1639835897,208.0,0.0,0.0,3.90128,6.21
962,1639835898,156.0,0.0,0.0,3.90128,6.21
963,1639835898,192.0,0.0,0.0,3.90128,6.21
964,1639835898,175.0,0.0,0.0,3.90128,6.21
965,1639835898,172.0,0.0,0.0,3.90128,6.21
966,1639835898,199.0,0.0,0.0,3.90128,6.21
967,1639835899,174.0,0.0,0.0,5.503968,6.04
968,1639835899,200.0,0.0,0.0,5.503968,6.04
969,1639835899,166.0,0.0,0.0,5.503968,6.04
970,1639835899,172.0,0.0,0.0,5.503968,6.04
971,1639835899,168.0,0.0,0.0,5.503968,6.04
972,1639835899,190.0,0.0,0.0,5.503968,6.04
973,1639835899,187.0,0.0,0.0,5.503968,6.04
974,1639835899,211.0,0.0,0.0,5.503968,6.04
975,1639835900,195.0,0.0,0.0,6.937952,6.35
976,1639835900,195.0,0.0,0.0,6.937952,6.35
977,1639835900,226.0,0.0,0.0,6.937952,6.35
978,1639835900,165.0,0.0,0.0,6.937952,6.35
979,1639835900,202.0,0.0,0.0,6.937952,6.35
980,1639835900,201.0,0.0,0.0,5.757024,5.48
981,1639835901,170.0,0.0,0.0,5.757024,5.48
982,1639835901,175.0,0.0,0.0,5.757024,5.48
983,1639835901,192.0,0.0,0.0,5.757024,5.48
984,1639835901,192.0,0.0,0.0,5.757024,5.48
985,1639835901,199.0,0.0,0.0,5.757024,5.48
986,1639835901,202.0,0.0,0.0,5.757024,5.48
987,1639835901,167.0,0.0,0.0,5.757024,5.48
988,1639835901,181.0,0.0,0.0,5.757024,5.48
989,1639835901,203.0,0.0,0.0,7.633856,5.48
990,1639835902,211.0,0.0,0.0,7.633856,7.28
991,1639835902,210.0,0.0,0.0,7.633856,7.28
992,1639835902,201.0,0.0,0.0,7.633856,7.28
993,1639835902,179.0,0.0,0.0,7.633856,7.28
994,1639835902,210.0,0.0,0.0,7.633856,7.28
995,1639835902,210.0,0.0,0.0,7.633856,7.28
996,1639835902,216.0,0.0,0.0,7.633856,7.28
997,1639835902,210.0,0.0,0.0,7.633856,7.28
998,1639835903,184.0,0.0,0.0,6.126064,6.15
999,1639835903,170.0,0.0,0.0,6.126064,6.15
1000,1639835903,191.0,0.0,0.0,6.126064,6.15
1001,1639835903,204.0,0.0,0.0,6.126064,6.15
1002,1639835903,203.0,0.0,0.0,6.126064,6.15
1003,1639835903,212.0,0.0,0.0,6.126064,6.15
1004,1639835903,176.0,0.0,0.0,6.126064,6.15
1005,1639835903,171.0,0.0,0.0,6.126064,6.15
1006,1639835903,176.0,0.0,0.0,6.126064,6.15
1007,1639835903,195.0,0.0,0.0,6.126064,6.15
1008,1639835904,220.0,0.0,0.0,6.199872,7.01
1009,1639835904,194.0,0.0,0.0,6.199872,7.01
1010,1639835904,166.0,0.0,0.0,6.199872,7.01
1011,1639835904,171.0,0.0,0.0,6.199872,7.01
1012,1639835904,203.0,0.0,0.0,6.199872,7.01
1013,1639835904,201.0,0.0,0.0,6.199872,7.01
1014,1639835905,162.0,0.0,0.0,6.147152,7.01
1015,1639835905,181.0,0.0,0.0,6.147152,6.75
1016,1639835905,194.0,0.0,0.0,6.147152,6.75
1017,1639835905,209.0,0.0,0.0,6.147152,6.75
1018,1639835905,188.0,0.0,0.0,6.147152,6.75
1019,1639835905,169.0,0.0,0.0,6.147152,6.75
1020,1639835905,181.0,0.0,0.0,6.147152,6.75
1021,1639835906,219.0,0.0,0.0,7.781472,6.75
1022,1639835906,219.0,0.0,0.0,7.781472,6.75
1023,1639835906,201.0,0.0,0.0,7.781472,7.73
1024,1639835906,149.0,0.0,0.0,7.781472,7.73
1025,1639835906,222.0,0.0,0.0,7.781472,7.73
1026,1639835906,231.0,0.0,0.0,7.781472,7.73
1027,1639835906,187.0,0.0,0.0,7.781472,7.73
1028,1639835906,188.0,0.0,0.0,7.781472,7.73
1029,1639835907,194.0,0.0,0.0,5.409072,7.73
1030,1639835907,201.0,0.0,0.0,5.409072,7.73
1031,1639835907,194.0,0.0,0.0,5.409072,7.05
1032,1639835907,184.0,0.0,0.0,5.409072,7.05
1033,1639835907,170.0,0.0,0.0,5.409072,7.05
1034,1639835907,173.0,0.0,0.0,5.409072,7.05
1035,1639835907,168.0,0.0,0.0,5.409072,7.05
1036,1639835907,185.0,0.0,0.0,5.409072,7.05
1037,1639835907,207.0,0.0,0.0,5.409072,7.05
1038,1639835908,198.0,0.0,0.0,6.242048,7.05
1039,1639835908,200.0,0.0,0.0,6.242048,7.05
1040,1639835908,216.0,0.0,0.0,6.242048,6.26
1041,1639835908,217.0,0.0,0.0,6.242048,6.26
1042,1639835908,147.0,0.0,0.0,6.242048,6.26
1043,1639835908,215.0,0.0,0.0,6.242048,6.26
1044,1639835909,195.0,0.0,0.0,6.95904,6.26
1045,1639835909,148.0,0.0,0.0,6.95904,6.26
1046,1639835909,170.0,0.0,0.0,6.95904,6.26
1047,1639835909,186.0,0.0,0.0,6.95904,6.26
1048,1639835909,181.0,0.0,0.0,6.95904,7.63
1049,1639835909,197.0,0.0,0.0,6.95904,7.63
1050,1639835909,196.0,0.0,0.0,6.95904,7.63
1051,1639835909,192.0,0.0,0.0,6.95904,7.63
1052,1639835909,204.0,0.0,0.0,6.95904,7.63
1053,1639835909,218.0,0.0,0.0,6.95904,7.63
1054,1639835910,191.0,0.0,0.0,8.319216,7.63
1055,1639835910,162.0,0.0,0.0,8.319216,7.63
1056,1639835910,163.0,0.0,0.0,8.319216,7.63
1057,1639835910,163.0,0.0,0.0,8.319216,7.63
1058,1639835910,197.0,0.0,0.0,8.319216,7.26
1059,1639835910,202.0,0.0,0.0,8.319216,7.26
1060,1639835910,131.0,0.0,0.0,8.319216,7.26
1061,1639835911,169.0,0.0,0.0,4.670992,7.26
1062,1639835911,209.0,0.0,0.0,4.670992,7.26
1063,1639835911,223.0,0.0,0.0,4.670992,7.26
1064,1639835911,151.0,0.0,0.0,4.670992,7.26
1065,1639835911,179.0,0.0,0.0,4.670992,7.26
1066,1639835911,196.0,0.0,0.0,4.670992,6.3
1067,1639835911,252.0,0.0,0.0,4.670992,6.3
1068,1639835911,231.0,0.0,0.0,4.670992,6.3
1069,1639835912,149.0,0.0,0.0,8.361392,6.3
1070,1639835912,165.0,0.0,0.0,8.361392,6.3
1071,1639835912,182.0,0.0,0.0,8.361392,6.3
1072,1639835912,192.0,0.0,0.0,8.361392,6.3
1073,1639835912,205.0,0.0,0.0,8.361392,6.3
1074,1639835912,209.0,0.0,0.0,8.361392,6.3
1075,1639835912,186.0,0.0,0.0,8.361392,6.3
1076,1639835912,188.0,0.0,0.0,8.361392,8.72
1077,1639835912,198.0,0.0,0.0,8.361392,8.72
1078,1639835912,203.0,0.0,0.0,8.361392,8.72
1079,1639835912,205.0,0.0,0.0,5.21928,8.72
1080,1639835913,178.0,0.0,0.0,5.21928,8.72
1081,1639835913,202.0,0.0,0.0,5.21928,8.72
1082,1639835913,168.0,0.0,0.0,5.21928,8.72
1083,1639835913,135.0,0.0,0.0,5.21928,8.72
1084,1639835913,146.0,0.0,0.0,5.21928,5.74
1085,1639835913,178.0,0.0,0.0,5.21928,5.74
1086,1639835913,179.0,0.0,0.0,5.21928,5.74
1087,1639835913,209.0,0.0,0.0,7.127744,5.74
1088,1639835914,171.0,0.0,0.0,7.127744,5.74
1089,1639835914,179.0,0.0,0.0,7.127744,5.74
1090,1639835914,174.0,0.0,0.0,7.127744,5.74
1091,1639835914,160.0,0.0,0.0,7.127744,5.74
1092,1639835914,186.0,0.0,0.0,7.127744,5.74
1093,1639835914,192.0,0.0,0.0,7.127744,5.74
1094,1639835914,185.0,0.0,0.0,7.127744,5.74
1095,1639835914,144.0,0.0,0.0,7.127744,6.27
1096,1639835914,173.0,0.0,0.0,7.127744,6.27
1097,1639835915,192.0,0.0,0.0,6.927408,6.27
1098,1639835915,196.0,0.0,0.0,6.927408,6.27
1099,1639835915,169.0,0.0,0.0,6.927408,6.27
1100,1639835915,176.0,0.0,0.0,6.927408,6.27
1101,1639835915,232.0,0.0,0.0,6.927408,6.27
1102,1639835915,181.0,0.0,0.0,6.927408,5.91
1103,1639835915,154.0,0.0,0.0,4.871328,5.91
1104,1639835916,184.0,0.0,0.0,4.871328,5.91
1105,1639835916,202.0,0.0,0.0,4.871328,5.91
1106,1639835916,214.0,0.0,0.0,4.871328,5.91
1107,1639835916,205.0,0.0,0.0,4.871328,5.91
1108,1639835916,199.0,0.0,0.0,4.871328,5.91
1109,1639835916,204.0,0.0,0.0,4.871328,7.88
1110,1639835917,224.0,0.0,0.0,8.129424,7.88
1111,1639835917,212.0,0.0,0.0,8.129424,7.88
1112,1639835917,179.0,0.0,0.0,8.129424,7.88
1113,1639835917,187.0,0.0,0.0,8.129424,7.88
1114,1639835917,191.0,0.0,0.0,8.129424,7.88
1115,1639835917,215.0,0.0,0.0,8.129424,7.88
1116,1639835917,243.0,0.0,0.0,8.129424,7.88
1117,1639835917,208.0,0.0,0.0,8.129424,7.88
1118,1639835917,201.0,0.0,0.0,8.129424,7.88
1119,1639835917,207.0,0.0,0.0,8.129424,7.07
1120,1639835918,193.0,0.0,0.0,6.157696,7.07
1121,1639835918,202.0,0.0,0.0,6.157696,7.07
1122,1639835918,186.0,0.0,0.0,6.157696,7.07
1123,1639835918,193.0,0.0,0.0,6.157696,7.07
1124,1639835918,143.0,0.0,0.0,6.157696,7.07
1125,1639835918,167.0,0.0,0.0,6.157696,7.07
1126,1639835918,204.0,0.0,0.0,6.157696,7.07
1127,1639835918,233.0,0.0,0.0,6.157696,7.07
1128,1639835918,238.0,0.0,0.0,6.157696,7.07
1129,1639835919,173.0,0.0,0.0,6.263136,7.05
1130,1639835919,157.0,0.0,0.0,6.263136,7.05
1131,1639835919,189.0,0.0,0.0,6.263136,7.05
1132,1639835919,218.0,0.0,0.0,6.263136,7.05
1133,1639835919,244.0,0.0,0.0,6.263136,7.05
1134,1639835919,197.0,0.0,0.0,6.263136,7.05
1135,1639835919,231.0,0.0,0.0,6.263136,7.05
1136,1639835919,240.0,0.0,0.0,5.250912,7.05
1137,1639835920,199.0,0.0,0.0,5.250912,6.19
1138,1639835920,170.0,0.0,0.0,5.250912,6.19
1139,1639835920,185.0,0.0,0.0,5.250912,6.19
1140,1639835920,215.0,0.0,0.0,5.250912,6.19
1141,1639835920,228.0,0.0,0.0,5.250912,6.19
1142,1639835920,221.0,0.0,0.0,5.250912,6.19
1143,1639835921,212.0,0.0,0.0,6.69544,6.19
1144,1639835921,238.0,0.0,0.0,6.69544,6.19
1145,1639835921,170.0,0.0,0.0,6.69544,6.65
1146,1639835921,193.0,0.0,0.0,6.69544,6.65
1147,1639835921,232.0,0.0,0.0,6.69544,6.65
1148,1639835922,190.0,0.0,0.0,4.565552,6.65
1149,1639835922,165.0,0.0,0.0,4.565552,4.53
1150,1639835922,196.0,0.0,0.0,4.565552,4.53
1151,1639835922,214.0,0.0,0.0,4.565552,4.53
1152,1639835922,201.0,0.0,0.0,4.565552,4.53
1153,1639835922,150.0,0.0,0.0,4.565552,4.53
1154,1639835922,172.0,0.0,0.0,4.565552,4.53
1155,1639835923,241.0,0.0,0.0,8.108336,4.53
1156,1639835923,236.0,0.0,0.0,8.108336,4.53
1157,1639835923,155.0,0.0,0.0,8.108336,8.06
1158,1639835923,171.0,0.0,0.0,8.108336,8.06
1159,1639835923,188.0,0.0,0.0,8.108336,8.06
1160,1639835923,239.0,0.0,0.0,8.108336,8.06
1161,1639835923,241.0,0.0,0.0,8.108336,8.06
1162,1639835923,180.0,0.0,0.0,8.108336,8.06
1163,1639835924,174.0,0.0,0.0,5.37744,8.06
1164,1639835924,192.0,0.0,0.0,5.37744,8.06
1165,1639835924,209.0,0.0,0.0,5.37744,8.06
1166,1639835924,199.0,0.0,0.0,5.37744,7.55
1167,1639835924,206.0,0.0,0.0,5.37744,7.55
1168,1639835924,221.0,0.0,0.0,5.37744,7.55
1169,1639835924,234.0,0.0,0.0,5.37744,7.55
1170,1639835924,237.0,0.0,0.0,5.37744,7.55
1171,1639835925,217.0,0.0,0.0,7.813104,7.55
1172,1639835925,224.0,0.0,0.0,7.813104,7.55
1173,1639835925,211.0,0.0,0.0,7.813104,6.59
1174,1639835925,158.0,0.0,0.0,7.813104,6.59
1175,1639835925,181.0,0.0,0.0,7.813104,6.59
1176,1639835925,214.0,0.0,0.0,7.813104,6.59
1177,1639835926,225.0,0.0,0.0,4.892416,6.59
1178,1639835926,164.0,0.0,0.0,4.892416,6.59
1179,1639835926,160.0,0.0,0.0,4.892416,6.59
1180,1639835926,183.0,0.0,0.0,4.892416,6.59
1181,1639835926,200.0,0.0,0.0,4.892416,6.59
1182,1639835926,201.0,0.0,0.0,4.892416,6.73
1183,1639835926,159.0,0.0,0.0,4.892416,6.73
1184,1639835926,180.0,0.0,0.0,4.892416,6.73
1185,1639835926,206.0,0.0,0.0,7.306992,6.73
1186,1639835927,203.0,0.0,0.0,7.306992,6.73
1187,1639835927,170.0,0.0,0.0,7.306992,6.73
1188,1639835927,166.0,0.0,0.0,7.306992,6.73
1189,1639835927,156.0,0.0,0.0,7.306992,6.73
1190,1639835927,187.0,0.0,0.0,7.306992,6.73
1191,1639835927,209.0,0.0,0.0,7.306992,6.73
1192,1639835927,210.0,0.0,0.0,7.306992,7.6
1193,1639835927,174.0,0.0,0.0,7.306992,7.6
1194,1639835927,158.0,0.0,0.0,6.189328,7.6
1195,1639835928,191.0,0.0,0.0,6.189328,7.6
1196,1639835928,203.0,0.0,0.0,6.189328,7.6
1197,1639835928,235.0,0.0,0.0,6.189328,7.6
1198,1639835928,240.0,0.0,0.0,6.189328,7.6
1199,1639835928,169.0,0.0,0.0,6.189328,6.08
1200,1639835928,160.0,0.0,0.0,6.189328,6.08
1201,1639835928,185.0,0.0,0.0,6.189328,6.08
1202,1639835929,211.0,0.0,0.0,5.134928,6.08
1203,1639835929,193.0,0.0,0.0,5.134928,6.08
1204,1639835929,170.0,0.0,0.0,5.134928,6.08
1205,1639835929,166.0,0.0,0.0,5.134928,6.08
1206,1639835929,212.0,0.0,0.0,5.134928,6.08
1207,1639835929,185.0,0.0,0.0,5.134928,5.7
1208,1639835929,184.0,0.0,0.0,5.134928,5.7
1209,1639835930,206.0,0.0,0.0,5.915184,5.7
1210,1639835930,192.0,0.0,0.0,5.915184,5.7
1211,1639835930,181.0,0.0,0.0,5.915184,5.7
1212,1639835930,187.0,0.0,0.0,5.915184,5.6
1213,1639835930,183.0,0.0,0.0,5.915184,5.6
1214,1639835931,181.0,0.0,0.0,5.366896,5.6
1215,1639835931,208.0,0.0,0.0,5.366896,5.6
1216,1639835931,214.0,0.0,0.0,5.366896,5.6
1217,1639835931,191.0,0.0,0.0,5.366896,5.6
1218,1639835932,180.0,0.0,0.0,5.366896,5.21
1219,1639835932,179.0,0.0,0.0,6.516192,5.21
1220,1639835932,197.0,0.0,0.0,6.516192,5.21
1221,1639835932,189.0,0.0,0.0,6.516192,5.21
1222,1639835932,178.0,0.0,0.0,6.516192,5.21
1223,1639835932,194.0,0.0,0.0,6.516192,5.21
1224,1639835932,177.0,0.0,0.0,6.516192,5.21
1225,1639835932,196.0,0.0,0.0,6.516192,5.21
1226,1639835932,191.0,0.0,0.0,6.516192,7.62
1227,1639835932,195.0,0.0,0.0,6.516192,7.62
1228,1639835933,204.0,0.0,0.0,7.581136,7.62
1229,1639835933,193.0,0.0,0.0,7.581136,7.62
1230,1639835933,176.0,0.0,0.0,7.581136,7.62
1231,1639835933,162.0,0.0,0.0,7.581136,7.62
1232,1639835933,182.0,0.0,0.0,7.581136,7.62
1233,1639835933,199.0,0.0,0.0,7.581136,7.62
1234,1639835933,213.0,0.0,0.0,7.581136,7.62
1235,1639835933,152.0,0.0,0.0,7.581136,6.11
1236,1639835934,212.0,0.0,0.0,5.90464,6.11
1237,1639835934,196.0,0.0,0.0,5.90464,6.11
1238,1639835934,184.0,0.0,0.0,5.90464,6.11
1239,1639835934,209.0,0.0,0.0,5.90464,6.11
1240,1639835934,203.0,0.0,0.0,5.90464,6.11
1241,1639835934,204.0,0.0,0.0,5.90464,6.11
1242,1639835934,224.0,0.0,0.0,5.90464,6.11
1243,1639835935,194.0,0.0,0.0,7.317536,8.08
1244,1639835935,195.0,0.0,0.0,7.317536,8.08
1245,1639835935,190.0,0.0,0.0,7.317536,8.08
1246,1639835935,223.0,0.0,0.0,7.317536,8.08
1247,1639835935,208.0,0.0,0.0,7.317536,8.08
1248,1639835935,226.0,0.0,0.0,7.317536,8.08
1249,1639835935,209.0,0.0,0.0,7.317536,8.08
1250,1639835935,175.0,0.0,0.0,7.317536,6.81
1251,1639835935,180.0,0.0,0.0,7.317536,6.81
1252,1639835936,213.0,0.0,0.0,7.444064,6.81
1253,1639835936,226.0,0.0,0.0,7.444064,6.81
1254,1639835936,208.0,0.0,0.0,7.444064,6.81
1255,1639835936,179.0,0.0,0.0,7.444064,6.81
1256,1639835936,196.0,0.0,0.0,7.444064,6.81
1257,1639835936,208.0,0.0,0.0,7.444064,6.81
1258,1639835936,232.0,0.0,0.0,7.444064,6.81
1259,1639835936,158.0,0.0,0.0,7.444064,6.81
1260,1639835937,176.0,0.0,0.0,7.444064,6.05
1261,1639835937,230.0,0.0,0.0,6.147152,6.05
1262,1639835937,260.0,0.0,0.0,6.147152,6.05
1263,1639835937,179.0,0.0,0.0,6.147152,6.05
1264,1639835937,148.0,0.0,0.0,6.147152,6.05
1265,1639835937,164.0,0.0,0.0,6.147152,6.05
1266,1639835937,204.0,0.0,0.0,6.147152,6.05
1267,1639835937,223.0,0.0,0.0,6.147152,6.05
1268,1639835937,217.0,0.0,0.0,6.147152,6.05
1269,1639835937,228.0,0.0,0.0,6.147152,6.47
1270,1639835938,197.0,0.0,0.0,5.598864,6.47
1271,1639835938,202.0,0.0,0.0,5.598864,6.47
1272,1639835938,221.0,0.0,0.0,5.598864,6.47
1273,1639835938,170.0,0.0,0.0,5.598864,6.47
1274,1639835938,164.0,0.0,0.0,5.598864,6.47
1275,1639835938,164.0,0.0,0.0,5.598864,6.47
1276,1639835938,211.0,0.0,0.0,5.598864,6.47
1277,1639835938,226.0,0.0,0.0,5.598864,6.47
1278,1639835939,171.0,0.0,0.0,5.967904,6.71
1279,1639835939,160.0,0.0,0.0,5.967904,6.71
1280,1639835939,163.0,0.0,0.0,5.967904,6.71
1281,1639835939,215.0,0.0,0.0,5.967904,6.71
1282,1639835939,204.0,0.0,0.0,5.967904,6.71
1283,1639835939,201.0,0.0,0.0,5.967904,6.71
1284,1639835940,221.0,0.0,0.0,8.002896,6.51
1285,1639835940,225.0,0.0,0.0,8.002896,6.51
1286,1639835940,163.0,0.0,0.0,8.002896,6.51
1287,1639835940,185.0,0.0,0.0,8.002896,6.51
1288,1639835940,211.0,0.0,0.0,8.002896,6.51
1289,1639835940,208.0,0.0,0.0,8.002896,6.51
1290,1639835940,217.0,0.0,0.0,8.002896,6.51
1291,1639835941,191.0,0.0,0.0,6.611088,7.86
1292,1639835941,199.0,0.0,0.0,6.611088,7.86
1293,1639835941,181.0,0.0,0.0,6.611088,7.86
1294,1639835941,190.0,0.0,0.0,6.611088,7.86
1295,1639835941,183.0,0.0,0.0,6.611088,7.86
1296,1639835941,165.0,0.0,0.0,6.611088,7.86
1297,1639835941,183.0,0.0,0.0,6.611088,7.86
1298,1639835941,193.0,0.0,0.0,6.611088,7.86
1299,1639835942,175.0,0.0,0.0,6.632176,7.86
1300,1639835942,170.0,0.0,0.0,6.632176,6.91
1301,1639835942,176.0,0.0,0.0,6.632176,6.91
1302,1639835942,183.0,0.0,0.0,6.632176,6.91
1303,1639835942,192.0,0.0,0.0,6.632176,6.91
1304,1639835942,257.0,0.0,0.0,6.632176,6.91
1305,1639835942,154.0,0.0,0.0,6.632176,6.91
1306,1639835943,189.0,0.0,0.0,7.306992,6.91
1307,1639835943,212.0,0.0,0.0,7.306992,7.09
1308,1639835943,195.0,0.0,0.0,7.306992,7.09
1309,1639835943,182.0,0.0,0.0,7.306992,7.09
1310,1639835943,186.0,0.0,0.0,7.306992,7.09
1311,1639835943,229.0,0.0,0.0,7.306992,7.09
1312,1639835943,246.0,0.0,0.0,7.306992,7.09
1313,1639835944,186.0,0.0,25.0,4.607728,7.09
1314,1639835944,167.0,0.0,0.0,4.607728,7.09
1315,1639835944,181.0,0.0,0.0,4.607728,5.4
1316,1639835944,222.0,0.0,0.0,4.607728,5.4
1317,1639835944,226.0,0.0,0.0,4.607728,5.4
1318,1639835944,244.0,0.0,0.0,4.607728,5.4
1319,1639835944,178.0,0.0,0.0,4.607728,5.4
1320,1639835944,170.0,0.0,0.0,4.607728,5.4
1321,1639835944,194.0,0.0,0.0,4.607728,5.4
1322,1639835945,241.0,0.0,0.0,5.725392,5.4
1323,1639835945,178.0,0.0,0.0,5.725392,5.68
1324,1639835945,169.0,0.0,0.0,5.725392,5.68
1325,1639835945,194.0,0.0,0.0,5.725392,5.68
1326,1639835945,191.0,0.0,0.0,5.725392,5.68
1327,1639835945,168.0,0.0,0.0,5.725392,5.68
1328,1639835946,191.0,0.0,0.0,5.58832,5.68
1329,1639835946,198.0,0.0,0.0,5.58832,5.68
1330,1639835946,211.0,0.0,0.0,5.58832,5.55
1331,1639835946,170.0,0.0,0.0,5.58832,5.55
1332,1639835946,166.0,0.0,0.0,5.58832,5.55
1333,1639835946,204.0,0.0,0.0,5.58832,5.55
1334,1639835946,195.0,0.0,0.0,5.58832,5.55
1335,1639835946,187.0,0.0,0.0,5.58832,5.55
1336,1639835947,174.0,0.0,0.0,6.37912,5.55
1337,1639835947,219.0,0.0,0.0,6.37912,6.33
1338,1639835947,228.0,0.0,0.0,6.37912,6.33
1339,1639835947,178.0,0.0,0.0,6.37912,6.33
1340,1639835947,153.0,0.0,0.0,6.37912,6.33
1341,1639835947,146.0,0.0,0.0,6.37912,6.33
1342,1639835947,162.0,0.0,0.0,6.37912,6.33
1343,1639835947,184.0,0.0,0.0,6.37912,6.33
1344,1639835947,215.0,0.0,0.0,6.37912,6.33
1345,1639835947,235.0,0.0,0.0,6.37912,6.33
1346,1639835948,218.0,0.0,0.0,6.37912,6.33
1347,1639835948,152.0,0.0,0.0,8.287584,6.33
1348,1639835948,147.0,0.0,0.0,8.287584,6.33
1349,1639835948,190.0,0.0,0.0,8.287584,6.33
1350,1639835948,200.0,0.0,0.0,8.287584,8.31
1351,1639835948,169.0,0.0,0.0,8.287584,8.31
1352,1639835948,177.0,0.0,0.0,8.287584,8.31
1353,1639835948,239.0,0.0,0.0,8.287584,8.31
1354,1639835949,240.0,0.0,0.0,5.43016,8.31
1355,1639835949,194.0,0.0,0.0,5.43016,8.31
1356,1639835949,174.0,0.0,0.0,5.43016,6.47
1357,1639835949,191.0,0.0,0.0,5.43016,6.47
1358,1639835949,241.0,0.0,0.0,5.43016,6.47
1359,1639835949,246.0,0.0,0.0,5.43016,6.47
1360,1639835949,167.0,0.0,0.0,5.43016,6.47
1361,1639835950,255.0,0.0,0.0,6.442384,6.47
1362,1639835950,169.0,0.0,40.0,6.442384,6.47
1363,1639835950,191.0,0.0,0.0,6.442384,6.07
1364,1639835950,211.0,0.0,0.0,6.442384,6.07
1365,1639835950,188.0,0.0,0.0,6.442384,6.07
1366,1639835950,174.0,0.0,0.0,6.442384,6.07
1367,1639835950,144.0,0.0,0.0,6.442384,6.07
1368,1639835950,178.0,0.0,0.0,6.442384,6.07
1369,1639835951,225.0,0.0,0.0,5.64104,6.07
1370,1639835951,221.0,0.0,0.0,5.64104,6.07
1371,1639835951,159.0,0.0,0.0,5.64104,6.07
1372,1639835951,180.0,0.0,0.0,5.64104,6.07
1373,1639835951,205.0,0.0,0.0,5.64104,6.07
1374,1639835951,230.0,0.0,0.0,5.64104,5.81
1375,1639835951,221.0,0.0,0.0,5.64104,5.81
1376,1639835951,189.0,0.0,0.0,5.64104,5.81
1377,1639835952,192.0,0.0,0.0,4.238688,5.81
1378,1639835952,200.0,0.0,0.0,4.238688,5.81
1379,1639835952,215.0,0.0,0.0,4.238688,5.81
1380,1639835952,197.0,0.0,0.0,4.238688,6.19
1381,1639835952,211.0,0.0,0.0,4.238688,6.19
1382,1639835953,212.0,0.0,0.0,6.178784,6.19
1383,1639835953,154.0,0.0,0.0,6.178784,6.19
1384,1639835953,180.0,0.0,0.0,6.178784,6.19
1385,1639835953,180.0,0.0,0.0,6.178784,6.19
1386,1639835953,186.0,0.0,0.0,6.178784,4.38
1387,1639835954,192.0,0.0,0.0,4.249232,4.38
1388,1639835954,182.0,0.0,0.0,4.249232,4.38
1389,1639835954,215.0,0.0,0.0,4.249232,4.38
1390,1639835954,155.0,0.0,0.0,4.249232,4.38
1391,1639835954,160.0,0.0,0.0,4.249232,5.51
1392,1639835954,185.0,0.0,0.0,4.249232,5.51
1393,1639835955,236.0,0.0,0.0,5.830832,5.51
1394,1639835955,254.0,0.0,0.0,5.830832,5.51
1395,1639835955,151.0,0.0,0.0,5.830832,5.51
1396,1639835955,198.0,0.0,0.0,5.830832,5.51
1397,1639835955,209.0,0.0,0.0,5.830832,5.41
1398,1639835955,188.0,0.0,0.0,5.830832,5.41
1399,1639835956,163.0,0.0,0.0,4.913504,5.41
1400,1639835956,233.0,0.0,0.0,4.913504,5.41
1401,1639835956,247.0,0.0,0.0,4.913504,5.41
1402,1639835956,191.0,0.0,0.0,4.913504,5.41
1403,1639835956,185.0,0.0,0.0,4.913504,5.41
1404,1639835956,195.0,0.0,0.0,4.913504,5.24
1405,1639835957,247.0,0.0,0.0,4.913504,5.24
1406,1639835957,180.0,0.0,0.0,6.052256,5.24
1407,1639835957,193.0,0.0,0.0,6.052256,5.24
1408,1639835957,170.0,0.0,0.0,6.052256,5.24
1409,1639835957,204.0,0.0,0.0,6.052256,5.49
1410,1639835957,229.0,0.0,0.0,6.052256,5.49
1411,1639835958,206.0,0.0,0.0,5.21928,5.49
1412,1639835958,177.0,0.0,0.0,5.21928,5.49
1413,1639835958,245.0,0.0,0.0,5.21928,5.49
1414,1639835958,193.0,0.0,0.0,5.21928,5.49
1415,1639835958,182.0,0.0,0.0,5.21928,6.05
1416,1639835959,212.0,0.0,0.0,6.421296,6.05
1417,1639835959,242.0,0.0,0.0,6.421296,6.05
1418,1639835959,189.0,0.0,0.0,6.421296,6.05
1419,1639835959,206.0,0.0,0.0,6.421296,6.05
1420,1639835959,199.0,0.0,0.0,6.421296,6.05
1421,1639835959,216.0,0.0,0.0,6.421296,6.05
1422,1639835959,242.0,0.0,0.0,6.421296,6.05
1423,1639835959,257.0,0.0,65.0,6.421296,6.05
1424,1639835960,181.0,0.0,0.0,6.421296,5.85
1425,1639835960,175.0,0.0,0.0,5.419616,5.85
1426,1639835960,246.0,0.0,0.0,5.419616,5.85
1427,1639835960,214.0,0.0,0.0,5.419616,5.85
1428,1639835960,170.0,0.0,0.0,5.419616,5.85
1429,1639835960,207.0,0.0,0.0,5.419616,5.85
1430,1639835961,253.0,0.0,0.0,4.460112,5.06
1431,1639835961,156.0,0.0,0.0,4.460112,5.06
1432,1639835961,218.0,0.0,0.0,4.460112,5.06
1433,1639835961,183.0,0.0,0.0,4.460112,5.06
1434,1639835961,190.0,0.0,0.0,4.460112,5.06
1435,1639835962,242.0,0.0,0.0,4.987312,5.94
1436,1639835962,134.0,0.0,0.0,4.987312,5.94
1437,1639835962,154.0,0.0,0.0,4.987312,5.94
1438,1639835962,249.0,0.0,0.0,4.987312,5.94
1439,1639835962,179.0,0.0,60.0,4.987312,5.94
1440,1639835963,210.0,0.0,0.0,5.74648,5.94
1441,1639835963,219.0,0.0,0.0,5.74648,5.03
1442,1639835963,244.0,0.0,0.0,5.74648,5.03
1443,1639835963,167.0,0.0,0.0,5.74648,5.03
1444,1639835963,211.0,0.0,0.0,5.74648,5.03
1445,1639835964,209.0,0.0,0.0,2.066624,5.03
1446,1639835964,143.0,0.0,0.0,2.066624,5.03
1447,1639835964,208.0,0.0,0.0,2.066624,3.77
1448,1639835964,222.0,0.0,0.0,2.066624,3.77
1449,1639835964,222.0,0.0,0.0,2.066624,3.77
1450,1639835964,216.0,0.0,0.0,2.066624,3.77
1451,1639835964,179.0,0.0,0.0,2.066624,3.77
1452,1639835965,216.0,0.0,0.0,7.27536,3.77
1453,1639835965,234.0,0.0,0.0,7.27536,3.77
1454,1639835965,205.0,0.0,0.0,7.27536,6.48
1455,1639835965,197.0,0.0,0.0,7.27536,6.48
1456,1639835965,236.0,0.0,0.0,7.27536,6.48
1457,1639835966,197.0,0.0,0.0,3.658768,6.48
1458,1639835966,143.0,0.0,0.0,3.658768,6.48
1459,1639835966,190.0,0.0,0.0,3.658768,4.49
1460,1639835966,205.0,0.0,0.0,3.658768,4.49
1461,1639835966,202.0,0.0,0.0,3.658768,4.49
1462,1639835966,181.0,0.0,0.0,3.658768,4.49
1463,1639835967,204.0,0.0,0.0,5.714848,4.49
1464,1639835967,230.0,0.0,0.0,5.714848,4.49
1465,1639835967,198.0,0.0,0.0,5.714848,5.55
1466,1639835967,210.0,0.0,0.0,5.714848,5.55
1467,1639835967,175.0,0.0,0.0,5.714848,5.55
1468,1639835968,159.0,0.0,0.0,6.927408,5.55
1469,1639835968,163.0,0.0,0.0,6.927408,5.55
1470,1639835968,218.0,0.0,0.0,6.927408,5.55
1471,1639835968,172.0,0.0,0.0,6.927408,7.23
1472,1639835968,175.0,0.0,0.0,6.927408,7.23
1473,1639835968,173.0,0.0,0.0,6.927408,7.23
1474,1639835969,229.0,0.0,0.0,6.927408,7.23
1475,1639835969,177.0,0.0,0.0,5.124384,7.23
1476,1639835969,198.0,0.0,0.0,5.124384,7.23
1477,1639835969,220.0,0.0,0.0,5.124384,7.23
1478,1639835969,247.0,0.0,0.0,5.124384,7.23
1479,1639835969,185.0,0.0,0.0,5.124384,5.53
1480,1639835969,189.0,0.0,0.0,5.124384,5.53
1481,1639835969,180.0,0.0,0.0,5.124384,5.53
1482,1639835970,217.0,0.0,0.0,4.555008,5.53
1483,1639835970,246.0,0.0,0.0,4.555008,5.53
1484,1639835970,220.0,0.0,0.0,4.555008,5.53
1485,1639835970,209.0,0.0,0.0,4.555008,5.53
1486,1639835970,158.0,0.0,0.0,4.555008,5.53
1487,1639835970,155.0,0.0,0.0,4.555008,5.53
1488,1639835970,234.0,0.0,0.0,4.555008,6.17
1489,1639835970,247.0,0.0,0.0,4.555008,6.17
1490,1639835970,198.0,0.0,0.0,4.555008,6.17
1491,1639835971,180.0,0.0,0.0,4.555008,6.17
1492,1639835971,212.0,0.0,0.0,6.094432,6.17
1493,1639835971,205.0,0.0,0.0,6.094432,6.17
1494,1639835971,170.0,0.0,0.0,6.094432,6.17
1495,1639835971,176.0,0.0,0.0,6.094432,6.17
1496,1639835971,203.0,0.0,0.0,6.094432,4.81
1497,1639835971,210.0,0.0,0.0,6.094432,4.81
1498,1639835971,240.0,0.0,0.0,6.094432,4.81
1499,1639835972,187.0,0.0,0.0,6.094432,4.81
1500,1639835972,214.0,0.0,0.0,4.945136,4.81
1501,1639835972,192.0,0.0,0.0,4.945136,4.81
1502,1639835972,194.0,0.0,0.0,4.945136,4.81
1503,1639835972,224.0,0.0,0.0,4.945136,4.81
1504,1639835972,213.0,0.0,0.0,4.945136,4.81
1505,1639835972,185.0,0.0,0.0,4.945136,5.78
1506,1639835972,206.0,0.0,0.0,4.945136,5.78
1507,1639835973,194.0,0.0,0.0,5.883552,5.78
1508,1639835973,178.0,0.0,0.0,5.883552,5.78
1509,1639835973,205.0,0.0,0.0,5.883552,5.78
1510,1639835973,197.0,0.0,0.0,5.883552,5.78
1511,1639835973,204.0,0.0,0.0,5.883552,5.78
1512,1639835973,193.0,0.0,0.0,5.883552,5.78
1513,1639835974,174.0,0.0,0.0,5.883552,6.42
1514,1639835974,187.0,0.0,0.0,4.871328,6.42
1515,1639835974,163.0,0.0,0.0,4.871328,6.42
1516,1639835974,169.0,0.0,0.0,4.871328,6.42
1517,1639835974,204.0,0.0,0.0,4.871328,6.42
1518,1639835974,151.0,0.0,0.0,4.871328,6.42
1519,1639835974,147.0,0.0,0.0,4.871328,6.42
1520,1639835975,169.0,0.0,0.0,4.734256,5.7
1521,1639835975,197.0,0.0,0.0,4.734256,5.7
1522,1639835975,147.0,0.0,0.0,4.734256,5.7
1523,1639835975,172.0,0.0,0.0,4.734256,5.7
1524,1639835975,193.0,0.0,0.0,4.734256,5.7
1525,1639835975,166.0,0.0,0.0,4.734256,5.7
1526,1639835976,178.0,0.0,0.0,6.832512,5.7
1527,1639835976,204.0,0.0,0.0,6.832512,6.45
1528,1639835976,160.0,0.0,0.0,6.832512,6.45
1529,1639835976,182.0,0.0,0.0,6.832512,6.45
1530,1639835976,230.0,0.0,0.0,6.832512,6.45
1531,1639835977,233.0,0.0,0.0,6.832512,6.45
1532,1639835977,202.0,0.0,0.0,6.74816,5.91
1533,1639835977,227.0,0.0,0.0,6.74816,5.91
1534,1639835977,202.0,0.0,0.0,6.74816,5.91
1535,1639835977,201.0,0.0,0.0,6.74816,5.91
1536,1639835977,190.0,0.0,0.0,6.74816,5.91
1537,1639835978,150.0,0.0,0.0,6.74816,5.91
1538,1639835978,204.0,0.0,0.0,2.962864,4.11
1539,1639835978,188.0,0.0,0.0,2.962864,4.11
1540,1639835978,189.0,0.0,0.0,2.962864,4.11
1541,1639835978,182.0,0.0,0.0,2.962864,4.11
1542,1639835979,183.0,0.0,0.0,2.962864,4.11
1543,1639835979,199.0,0.0,0.0,6.104976,4.11
1544,1639835979,219.0,0.0,0.0,6.104976,5.8
1545,1639835979,209.0,0.0,0.0,6.104976,5.8
1546,1639835979,184.0,0.0,0.0,6.104976,5.8
1547,1639835979,212.0,0.0,0.0,6.104976,5.8
1548,1639835980,174.0,0.0,0.0,6.621632,5.8
1549,1639835980,185.0,0.0,0.0,6.621632,7.27
1550,1639835980,206.0,0.0,0.0,6.621632,7.27
1551,1639835980,173.0,0.0,0.0,6.621632,7.27
1552,1639835980,149.0,0.0,0.0,6.621632,7.27
1553,1639835981,225.0,0.0,0.0,4.597184,7.27
1554,1639835981,209.0,0.0,0.0,4.597184,7.27
1555,1639835981,206.0,0.0,0.0,4.597184,4.56
1556,1639835981,215.0,0.0,0.0,4.597184,4.56
1557,1639835982,219.0,0.0,0.0,4.597184,4.56
1558,1639835982,197.0,0.0,0.0,5.5356,4.56
1559,1639835982,192.0,0.0,0.0,5.5356,5.49
1560,1639835982,209.0,0.0,0.0,5.5356,5.49
1561,1639835982,208.0,0.0,0.0,5.5356,5.49
1562,1639835982,204.0,0.0,0.0,5.5356,5.49
1563,1639835982,185.0,0.0,0.0,5.5356,5.49
1564,1639835983,210.0,0.0,0.0,6.547824,5.49
1565,1639835983,231.0,0.0,0.0,6.547824,5.49
1566,1639835983,183.0,0.0,0.0,6.547824,5.49
1567,1639835983,159.0,0.0,0.0,6.547824,7.06
1568,1639835983,198.0,0.0,0.0,6.547824,7.06
1569,1639835983,187.0,0.0,0.0,6.547824,7.06
1570,1639835984,223.0,0.0,0.0,5.356352,7.06
1571,1639835984,174.0,0.0,0.0,5.356352,7.06
1572,1639835984,188.0,0.0,0.0,5.356352,7.06
1573,1639835984,198.0,0.0,0.0,5.356352,5.66
1574,1639835984,181.0,0.0,0.0,5.356352,5.66
1575,1639835984,175.0,0.0,0.0,5.356352,5.66
1576,1639835984,188.0,0.0,0.0,5.356352,5.66
1577,1639835985,224.0,0.0,0.0,7.075024,5.66
1578,1639835985,246.0,0.0,0.0,7.075024,5.66
1579,1639835985,182.0,0.0,0.0,7.075024,5.66
1580,1639835985,213.0,0.0,0.0,7.075024,7.06
1581,1639835985,223.0,0.0,0.0,7.075024,7.06
1582,1639835985,226.0,0.0,0.0,7.075024,7.06
1583,1639835986,167.0,0.0,0.0,7.075024,7.06
1584,1639835986,201.0,0.0,0.0,5.229824,7.06
1585,1639835986,225.0,0.0,0.0,5.229824,7.06
1586,1639835986,185.0,0.0,0.0,5.229824,5.36
1587,1639835986,213.0,0.0,0.0,5.229824,5.36
1588,1639835987,195.0,0.0,0.0,5.229824,5.36
1589,1639835987,177.0,0.0,0.0,4.997856,5.36
1590,1639835987,217.0,0.0,0.0,4.997856,5.36
1591,1639835987,187.0,0.0,0.0,4.997856,5.55
1592,1639835987,208.0,0.0,0.0,4.997856,5.55
1593,1639835988,198.0,0.0,0.0,3.985632,5.55
1594,1639835988,176.0,0.0,0.0,3.985632,5.55
1595,1639835988,205.0,0.0,0.0,3.985632,5.55
1596,1639835988,203.0,0.0,0.0,3.985632,4.55
1597,1639835988,187.0,0.0,0.0,3.985632,4.55
1598,1639835989,202.0,0.0,0.0,3.985632,4.55
1599,1639835989,167.0,0.0,0.0,6.90632,4.55
1600,1639835989,182.0,0.0,0.0,6.90632,4.55
1601,1639835989,197.0,0.0,0.0,6.90632,4.55
1602,1639835989,210.0,0.0,0.0,6.90632,4.55
1603,1639835989,216.0,0.0,0.0,6.90632,4.55
1604,1639835989,163.0,0.0,0.0,6.90632,4.55
1605,1639835989,184.0,0.0,0.0,6.90632,7.84
1606,1639835990,210.0,0.0,0.0,6.90632,7.84
1607,1639835990,248.0,0.0,0.0,6.69544,7.84
1608,1639835990,158.0,0.0,0.0,6.69544,7.84
1609,1639835990,179.0,0.0,0.0,6.69544,7.84
1610,1639835990,206.0,0.0,0.0,6.69544,7.84
1611,1639835990,222.0,0.0,0.0,6.69544,5.52
1612,1639835991,164.0,0.0,0.0,6.69544,5.52
1613,1639835991,181.0,0.0,0.0,6.69544,5.52
1614,1639835991,228.0,0.0,0.0,6.758704,5.52
1615,1639835991,229.0,0.0,0.0,6.758704,5.52
1616,1639835991,224.0,0.0,0.0,6.758704,5.52
1617,1639835991,179.0,0.0,0.0,6.758704,5.52
1618,1639835991,238.0,0.0,0.0,6.758704,6.35
1619,1639835992,175.0,0.0,10.0,6.758704,6.35
1620,1639835992,187.0,0.0,0.0,5.577776,6.35
1621,1639835992,174.0,0.0,0.0,5.577776,6.35
1622,1639835992,218.0,0.0,0.0,5.577776,6.35
1623,1639835992,203.0,0.0,0.0,5.577776,6.35
1624,1639835992,175.0,0.0,0.0,5.577776,6.69
1625,1639835993,199.0,0.0,0.0,5.577776,6.69
1626,1639835993,227.0,0.0,0.0,6.59,6.69
1627,1639835993,248.0,0.0,0.0,6.59,6.69
1628,1639835993,199.0,0.0,0.0,6.59,6.69
1629,1639835993,202.0,0.0,0.0,6.59,6.69
1630,1639835993,164.0,0.0,0.0,6.59,6.69
1631,1639835993,189.0,0.0,0.0,6.59,6.69
1632,1639835993,208.0,0.0,0.0,6.59,6.69
1633,1639835993,219.0,0.0,0.0,6.59,6.69
1634,1639835993,203.0,0.0,0.0,6.59,6.69
1635,1639835994,167.0,0.0,0.0,6.59,6.94
1636,1639835994,154.0,0.0,0.0,6.59,6.94
1637,1639835994,154.0,0.0,0.0,6.11552,6.94
1638,1639835994,182.0,0.0,0.0,6.11552,6.94
1639,1639835994,210.0,0.0,0.0,6.11552,6.94
1640,1639835994,222.0,0.0,0.0,6.11552,6.94
1641,1639835994,158.0,0.0,0.0,6.11552,6.94
1642,1639835994,169.0,0.0,0.0,6.11552,6.94
1643,1639835994,192.0,0.0,0.0,6.11552,6.94
1644,1639835994,213.0,0.0,0.0,6.11552,6.94
1645,1639835995,210.0,0.0,0.0,6.11552,8.02
1646,1639835995,163.0,0.0,0.0,6.705984,8.02
1647,1639835995,173.0,0.0,0.0,6.705984,8.02
1648,1639835995,224.0,0.0,0.0,6.705984,8.02
1649,1639835995,227.0,0.0,0.0,6.705984,8.02
1650,1639835995,205.0,0.0,0.0,6.705984,8.02
1651,1639835995,225.0,0.0,0.0,6.705984,8.02
1652,1639835995,147.0,0.0,0.0,6.705984,8.02
1653,1639835996,166.0,0.0,0.0,6.705984,6.69
1654,1639835996,172.0,0.0,0.0,6.8536,6.69
1655,1639835996,191.0,0.0,0.0,6.8536,6.69
1656,1639835996,226.0,0.0,0.0,6.8536,6.69
1657,1639835996,203.0,0.0,0.0,6.8536,6.69
1658,1639835996,147.0,0.0,0.0,6.8536,6.69
1659,1639835996,226.0,0.0,0.0,6.8536,6.69
1660,1639835997,229.0,0.0,0.0,6.8536,5.85
1661,1639835997,180.0,0.0,0.0,6.600544,5.85
1662,1639835997,174.0,0.0,0.0,6.600544,5.85
1663,1639835997,210.0,0.0,0.0,6.600544,5.85
1664,1639835997,220.0,0.0,0.0,6.600544,5.85
1665,1639835997,218.0,0.0,0.0,6.600544,5.85
1666,1639835997,185.0,0.0,0.0,6.600544,5.85
1667,1639835998,153.0,0.0,0.0,6.600544,6.46
1668,1639835998,190.0,0.0,0.0,8.972944,6.46
1669,1639835998,204.0,0.0,0.0,8.972944,6.46
1670,1639835998,147.0,0.0,0.0,8.972944,6.46
1671,1639835998,164.0,0.0,0.0,8.972944,6.46
1672,1639835998,187.0,0.0,0.0,8.972944,6.46
1673,1639835998,205.0,0.0,0.0,8.972944,6.46
1674,1639835998,221.0,0.0,0.0,8.972944,6.46
1675,1639835999,185.0,0.0,0.0,7.59168,6.46
1676,1639835999,196.0,0.0,0.0,7.59168,10.2
1677,1639835999,218.0,0.0,0.0,7.59168,10.2
1678,1639835999,237.0,0.0,0.0,7.59168,10.2
1679,1639835999,253.0,0.0,0.0,7.59168,10.2
1680,1639835999,147.0,0.0,40.0,7.59168,10.2
1681,1639835999,158.0,0.0,0.0,7.59168,10.2
1682,1639835999,223.0,0.0,0.0,7.59168,10.2
1683,1639836000,251.0,0.0,0.0,7.59168,10.2
1684,1639836000,241.0,0.0,0.0,7.59168,10.2
1685,1639836000,158.0,0.0,0.0,9.616128,8.59
1686,1639836000,166.0,0.0,0.0,9.616128,8.59
1687,1639836000,141.0,0.0,0.0,9.616128,8.59
1688,1639836000,147.0,0.0,0.0,9.616128,8.59
1689,1639836000,167.0,0.0,0.0,9.616128,8.59
1690,1639836000,180.0,0.0,0.0,9.616128,8.59
1691,1639836000,195.0,0.0,0.0,9.616128,8.59
1692,1639836000,243.0,0.0,0.0,9.616128,8.59
1693,1639836000,206.0,0.0,0.0,9.616128,8.59
1694,1639836001,184.0,0.0,0.0,9.616128,8.59
1695,1639836001,130.0,0.0,0.0,9.616128,8.59
1696,1639836001,162.0,0.0,0.0,8.150512,8.59
1697,1639836001,182.0,0.0,0.0,8.150512,9.29
1698,1639836001,227.0,0.0,0.0,8.150512,9.29
1699,1639836001,237.0,0.0,0.0,8.150512,9.29
1700,1639836001,202.0,0.0,0.0,8.150512,9.29
1701,1639836001,189.0,0.0,0.0,8.150512,9.29
1702,1639836001,214.0,0.0,0.0,8.150512,9.29
1703,1639836002,230.0,0.0,0.0,8.150512,9.29
1704,1639836002,222.0,0.0,0.0,8.150512,9.29
1705,1639836002,198.0,0.0,0.0,6.737616,9.29
1706,1639836002,157.0,0.0,0.0,6.737616,9.29
1707,1639836002,175.0,0.0,0.0,6.737616,7.17
1708,1639836002,229.0,0.0,0.0,6.737616,7.17
1709,1639836002,219.0,0.0,0.0,6.737616,7.17
1710,1639836002,248.0,0.0,0.0,6.737616,7.17
1711,1639836002,154.0,0.0,0.0,6.737616,7.17
1712,1639836002,165.0,0.0,0.0,6.737616,7.17
1713,1639836003,188.0,0.0,0.0,6.737616,7.17
1714,1639836003,215.0,0.0,0.0,6.737616,7.17
1715,1639836003,236.0,0.0,0.0,7.201552,6.94
1716,1639836003,218.0,0.0,0.0,7.201552,6.94
1717,1639836003,185.0,0.0,0.0,7.201552,6.94
1718,1639836003,185.0,0.0,0.0,7.201552,6.94
1719,1639836003,211.0,0.0,0.0,7.201552,6.94
1720,1639836004,195.0,0.0,0.0,7.201552,6.94
1721,1639836004,196.0,0.0,0.0,3.90128,3.85
1722,1639836004,193.0,0.0,0.0,3.90128,3.85
1723,1639836004,201.0,0.0,0.0,3.90128,3.85
1724,1639836004,191.0,0.0,0.0,3.90128,3.85
1725,1639836005,221.0,0.0,0.0,4.63936,3.85
1726,1639836005,148.0,0.0,0.0,4.63936,5.05
1727,1639836005,213.0,0.0,0.0,4.63936,5.05
1728,1639836005,174.0,0.0,0.0,4.63936,5.05
1729,1639836005,181.0,0.0,0.0,4.63936,5.05
1730,1639836005,209.0,0.0,0.0,4.63936,5.05
1731,1639836006,236.0,0.0,0.0,4.63936,5.05
1732,1639836006,252.0,0.0,0.0,5.440704,5.05
1733,1639836006,179.0,0.0,0.0,5.440704,5.16
1734,1639836006,192.0,0.0,0.0,5.440704,5.16
1735,1639836006,207.0,0.0,0.0,5.440704,5.16
1736,1639836006,247.0,0.0,0.0,5.440704,5.16
1737,1639836007,169.0,0.0,0.0,5.440704,5.16
1738,1639836007,157.0,0.0,0.0,4.702624,5.16
1739,1639836007,176.0,0.0,0.0,4.702624,5.16
1740,1639836007,203.0,0.0,0.0,4.702624,6.64
1741,1639836007,186.0,0.0,0.0,4.702624,6.64
1742,1639836007,191.0,0.0,0.0,4.702624,6.64
1743,1639836008,181.0,0.0,0.0,6.104976,6.64
1744,1639836008,220.0,0.0,0.0,6.104976,6.64
1745,1639836008,188.0,0.0,0.0,6.104976,5.77
1746,1639836008,169.0,0.0,0.0,6.104976,5.77
1747,1639836008,196.0,0.0,0.0,6.104976,5.77
1748,1639836009,185.0,0.0,0.0,6.885232,5.77
1749,1639836009,192.0,0.0,0.0,6.885232,5.77
1750,1639836009,200.0,0.0,0.0,6.885232,5.77
1751,1639836009,167.0,0.0,0.0,6.885232,6.84
1752,1639836009,184.0,0.0,0.0,6.885232,6.84
1753,1639836010,243.0,0.0,0.0,6.885232,6.84
1754,1639836010,150.0,0.0,0.0,5.90464,6.84
1755,1639836010,202.0,0.0,0.0,5.90464,6.84
1756,1639836010,212.0,0.0,0.0,5.90464,5.55
1757,1639836010,196.0,0.0,0.0,5.90464,5.55
1758,1639836011,208.0,0.0,0.0,5.90464,5.55
1759,1639836011,209.0,0.0,0.0,3.764208,5.55
1760,1639836011,159.0,0.0,0.0,3.764208,5.55
1761,1639836011,201.0,0.0,0.0,3.764208,5.55
1762,1639836011,180.0,0.0,0.0,3.764208,4.51
1763,1639836011,193.0,0.0,0.0,3.764208,4.51
1764,1639836011,183.0,0.0,0.0,3.764208,4.51
1765,1639836011,191.0,0.0,0.0,3.764208,4.51
1766,1639836012,171.0,0.0,0.0,3.764208,4.51
1767,1639836012,190.0,0.0,0.0,6.052256,4.51
1768,1639836012,214.0,0.0,0.0,6.052256,4.51
1769,1639836012,177.0,0.0,0.0,6.052256,4.51
1770,1639836012,166.0,0.0,0.0,6.052256,5.47
1771,1639836013,242.0,0.0,0.0,6.052256,5.47
1772,1639836013,183.0,0.0,0.0,4.997856,5.47
1773,1639836013,237.0,0.0,0.0,4.997856,5.47
1774,1639836013,186.0,0.0,0.0,4.997856,5.47
1775,1639836013,199.0,0.0,0.0,4.997856,6.16
1776,1639836013,178.0,0.0,0.0,4.997856,6.16
1777,1639836014,205.0,0.0,0.0,4.997856,6.16
1778,1639836014,221.0,0.0,0.0,6.01008,6.16
1779,1639836014,215.0,0.0,0.0,6.01008,6.16
1780,1639836014,181.0,0.0,0.0,6.01008,6.16
1781,1639836014,185.0,0.0,0.0,6.01008,6.16
1782,1639836014,217.0,0.0,0.0,6.01008,5.39
1783,1639836014,207.0,0.0,0.0,6.01008,5.39
1784,1639836015,186.0,0.0,0.0,6.01008,5.39
1785,1639836015,144.0,0.0,0.0,4.966224,5.39
1786,1639836015,232.0,0.0,0.0,4.966224,5.39
1787,1639836015,140.0,0.0,0.0,4.966224,5.39
1788,1639836015,167.0,0.0,0.0,4.966224,5.39
1789,1639836015,188.0,0.0,0.0,4.966224,5.01
1790,1639836015,186.0,0.0,0.0,4.966224,5.01
1791,1639836016,191.0,0.0,0.0,4.966224,5.01
1792,1639836016,190.0,0.0,0.0,6.948496,5.01
1793,1639836016,192.0,0.0,0.0,6.948496,5.01
1794,1639836016,218.0,0.0,0.0,6.948496,5.01
1795,1639836016,149.0,0.0,0.0,6.948496,5.01
1796,1639836016,166.0,0.0,0.0,6.948496,5.01
1797,1639836016,197.0,0.0,0.0,6.948496,7.05
1798,1639836017,215.0,0.0,0.0,6.948496,7.05
1799,1639836017,192.0,0.0,0.0,5.198192,7.05
1800,1639836017,175.0,0.0,0.0,5.198192,7.05
1801,1639836017,206.0,0.0,0.0,5.198192,7.05
1802,1639836017,205.0,0.0,0.0,5.198192,7.05
1803,1639836017,183.0,0.0,0.0,5.198192,6.17
1804,1639836018,203.0,0.0,0.0,5.198192,6.17
1805,1639836018,203.0,0.0,0.0,6.210416,6.17
1806,1639836018,175.0,0.0,0.0,6.210416,6.17
1807,1639836018,200.0,0.0,0.0,6.210416,6.17
1808,1639836019,228.0,0.0,0.0,6.210416,5.14
1809,1639836019,189.0,0.0,0.0,5.145472,5.14
1810,1639836019,174.0,0.0,0.0,5.145472,5.14
1811,1639836019,170.0,0.0,0.0,5.145472,5.14
1812,1639836019,165.0,0.0,0.0,5.145472,5.14
1813,1639836019,162.0,0.0,0.0,5.145472,5.14
1814,1639836020,182.0,0.0,0.0,5.145472,6.83
1815,1639836020,186.0,0.0,0.0,5.48288,6.83
1816,1639836020,156.0,0.0,0.0,5.48288,6.83
1817,1639836020,162.0,0.0,0.0,5.48288,6.83
1818,1639836020,176.0,0.0,0.0,5.48288,6.83
1819,1639836021,186.0,0.0,0.0,5.48288,6.83
1820,1639836021,188.0,0.0,0.0,6.948496,6.7
1821,1639836021,208.0,0.0,0.0,6.948496,6.7
1822,1639836021,213.0,0.0,0.0,6.948496,6.7
1823,1639836021,176.0,0.0,0.0,6.948496,6.7
1824,1639836021,150.0,0.0,0.0,6.948496,6.7
1825,1639836022,217.0,0.0,0.0,6.948496,6.7
1826,1639836022,185.0,0.0,0.0,4.69208,5.25
1827,1639836022,207.0,0.0,0.0,4.69208,5.25
1828,1639836022,247.0,0.0,0.0,4.69208,5.25
1829,1639836022,156.0,0.0,0.0,4.69208,5.25
1830,1639836023,153.0,0.0,0.0,4.69208,5.25
1831,1639836023,172.0,0.0,0.0,4.238688,5.25
1832,1639836023,221.0,0.0,0.0,4.238688,4.87
1833,1639836023,227.0,0.0,0.0,4.238688,4.87
1834,1639836023,184.0,0.0,0.0,4.238688,4.87
1835,1639836023,171.0,0.0,0.0,4.238688,4.87
1836,1639836024,242.0,0.0,0.0,4.238688,4.87
1837,1639836024,243.0,0.0,0.0,4.238688,4.87
1838,1639836024,171.0,0.0,0.0,6.252592,4.87
1839,1639836024,151.0,0.0,0.0,6.252592,6.45
1840,1639836024,167.0,0.0,0.0,6.252592,6.45
1841,1639836024,213.0,0.0,0.0,6.252592,6.45
1842,1639836024,233.0,0.0,0.0,6.252592,6.45
1843,1639836024,185.0,0.0,0.0,6.252592,6.45
1844,1639836025,164.0,0.0,0.0,6.252592,6.45
1845,1639836025,233.0,0.0,0.0,7.254272,6.45
1846,1639836025,198.0,0.0,0.0,7.254272,6.45
1847,1639836025,166.0,0.0,0.0,7.254272,7.21
1848,1639836025,145.0,0.0,0.0,7.254272,7.21
1849,1639836026,187.0,0.0,0.0,7.254272,7.21
1850,1639836026,197.0,0.0,0.0,7.254272,7.21
1851,1639836026,165.0,0.0,0.0,3.700944,7.21
1852,1639836026,154.0,0.0,0.0,3.700944,7.21
1853,1639836026,168.0,0.0,0.0,3.700944,7.21
1854,1639836026,229.0,0.0,0.0,3.700944,5.79
1855,1639836026,224.0,0.0,0.0,3.700944,5.79
1856,1639836027,191.0,0.0,0.0,3.700944,5.79
1857,1639836027,181.0,0.0,0.0,7.022304,5.79
1858,1639836027,222.0,0.0,0.0,7.022304,5.79
1859,1639836027,191.0,0.0,0.0,7.022304,5.13
1860,1639836027,155.0,0.0,0.0,7.022304,5.13
1861,1639836028,203.0,0.0,0.0,7.022304,5.13
1862,1639836028,188.0,0.0,0.0,5.145472,5.13
1863,1639836028,204.0,0.0,0.0,5.145472,5.13
1864,1639836028,207.0,0.0,0.0,5.145472,5.13
1865,1639836028,214.0,0.0,0.0,5.145472,5.13
1866,1639836028,221.0,0.0,0.0,5.145472,6.44
1867,1639836028,164.0,0.0,0.0,5.145472,6.44
1868,1639836029,174.0,0.0,0.0,5.145472,6.44
1869,1639836029,198.0,0.0,0.0,5.820288,6.44
1870,1639836029,204.0,0.0,0.0,5.820288,6.44
1871,1639836029,164.0,0.0,0.0,5.820288,6.44
1872,1639836029,187.0,0.0,0.0,5.820288,6.44
1873,1639836029,207.0,0.0,0.0,5.820288,6.53
1874,1639836029,219.0,0.0,0.0,5.820288,6.53
1875,1639836030,222.0,0.0,0.0,5.820288,6.53
1876,1639836030,136.0,0.0,0.0,6.516192,6.53
1877,1639836030,150.0,0.0,0.0,6.516192,6.53
1878,1639836030,220.0,0.0,0.0,6.516192,6.53
1879,1639836030,219.0,0.0,0.0,6.516192,6.53
1880,1639836030,184.0,0.0,0.0,6.516192,6.53
1881,1639836030,141.0,0.0,0.0,6.516192,7.01
1882,1639836031,237.0,0.0,0.0,6.516192,7.01
1883,1639836031,201.0,0.0,0.0,6.653264,7.01
1884,1639836031,210.0,0.0,0.0,6.653264,7.01
1885,1639836031,219.0,0.0,0.0,6.653264,7.01
1886,1639836031,224.0,0.0,0.0,6.653264,7.01
1887,1639836031,187.0,0.0,0.0,6.653264,7.01
1888,1639836031,182.0,0.0,0.0,6.653264,7.01
1889,1639836031,171.0,0.0,0.0,6.653264,6.61
1890,1639836032,196.0,0.0,0.0,6.653264,6.61
1891,1639836032,220.0,0.0,0.0,4.871328,6.61
1892,1639836032,218.0,0.0,0.0,4.871328,6.61
1893,1639836032,189.0,0.0,0.0,4.871328,6.61
1894,1639836032,214.0,0.0,0.0,4.871328,6.61
1895,1639836032,213.0,0.0,0.0,4.871328,6.61
1896,1639836032,236.0,0.0,0.0,4.871328,6.61
1897,1639836033,179.0,0.0,0.0,4.871328,5.2
1898,1639836033,160.0,0.0,0.0,4.871328,5.2
1899,1639836033,154.0,0.0,0.0,5.156016,5.2
1900,1639836033,199.0,0.0,0.0,5.156016,5.2
1901,1639836033,185.0,0.0,0.0,5.156016,5.2
1902,1639836033,202.0,0.0,0.0,5.156016,5.2
1903,1639836033,213.0,0.0,0.0,5.156016,5.2
1904,1639836034,161.0,0.0,0.0,5.156016,5.2
1905,1639836034,140.0,0.0,0.0,4.4812,5.03
1906,1639836034,208.0,0.0,0.0,4.4812,5.03
1907,1639836034,210.0,0.0,0.0,4.4812,5.03
1908,1639836034,166.0,0.0,0.0,4.4812,5.03
1909,1639836034,196.0,0.0,0.0,4.4812,5.03
1910,1639836034,185.0,0.0,0.0,4.4812,5.03
1911,1639836035,179.0,0.0,0.0,4.4812,5.03
1912,1639836035,177.0,0.0,0.0,5.567232,5.46
1913,1639836035,190.0,0.0,0.0,5.567232,5.46
1914,1639836035,178.0,0.0,0.0,5.567232,5.46
1915,1639836035,224.0,0.0,0.0,5.567232,5.46
1916,1639836036,195.0,0.0,0.0,5.567232,5.46
1917,1639836036,172.0,0.0,0.0,5.725392,5.46
1918,1639836036,201.0,0.0,0.0,5.725392,6.47
1919,1639836036,186.0,0.0,0.0,5.725392,6.47
1920,1639836036,201.0,0.0,0.0,5.725392,6.47
1921,1639836037,211.0,0.0,0.0,5.725392,6.47
1922,1639836037,181.0,0.0,0.0,5.145472,4.93
1923,1639836037,165.0,0.0,0.0,5.145472,4.93
1924,1639836037,191.0,0.0,0.0,5.145472,4.93
1925,1639836037,200.0,0.0,0.0,5.145472,4.93
1926,1639836037,202.0,0.0,0.0,5.145472,4.93
1927,1639836037,169.0,0.0,0.0,5.145472,4.93
1928,1639836037,179.0,0.0,0.0,5.145472,4.93
1929,1639836038,172.0,0.0,0.0,5.145472,4.93
1930,1639836038,201.0,0.0,0.0,6.621632,4.93
1931,1639836038,176.0,0.0,0.0,6.621632,6.9
1932,1639836038,157.0,0.0,0.0,6.621632,6.9
1933,1639836038,223.0,0.0,0.0,6.621632,6.9
1934,1639836039,242.0,0.0,0.0,6.621632,6.9
1935,1639836039,162.0,0.0,0.0,6.621632,6.9
1936,1639836039,164.0,0.0,0.0,5.577776,6.9
1937,1639836039,187.0,0.0,0.0,5.577776,6.9
1938,1639836039,238.0,0.0,0.0,5.577776,5.54
1939,1639836039,149.0,0.0,0.0,5.577776,5.54
1940,1639836039,167.0,0.0,0.0,5.577776,5.54
1941,1639836040,181.0,0.0,0.0,5.577776,5.54
1942,1639836040,244.0,0.0,0.0,5.16656,5.54
1943,1639836040,171.0,0.0,0.0,5.16656,5.49
1944,1639836040,171.0,0.0,0.0,5.16656,5.49
1945,1639836040,206.0,0.0,0.0,5.16656,5.49
1946,1639836040,187.0,0.0,0.0,5.16656,5.49
1947,1639836040,192.0,0.0,0.0,5.16656,5.49
1948,1639836041,207.0,0.0,0.0,5.16656,5.49
1949,1639836041,241.0,0.0,0.0,6.8536,5.49
1950,1639836041,197.0,0.0,0.0,6.8536,6.89
1951,1639836041,199.0,0.0,0.0,6.8536,6.89
1952,1639836042,241.0,0.0,0.0,6.8536,6.89
1953,1639836042,173.0,0.0,50.0,3.099936,6.89
1954,1639836042,172.0,0.0,0.0,3.099936,2.67
1955,1639836042,226.0,0.0,0.0,3.099936,2.67
1956,1639836042,249.0,0.0,0.0,3.099936,2.67
1957,1639836042,167.0,0.0,0.0,3.099936,2.67
1958,1639836043,195.0,0.0,0.0,3.099936,2.67
1959,1639836043,210.0,0.0,0.0,3.099936,2.67
1960,1639836043,239.0,0.0,0.0,5.672672,2.67
1961,1639836043,194.0,0.0,0.0,5.672672,5.63
1962,1639836043,194.0,0.0,0.0,5.672672,5.63
1963,1639836043,238.0,0.0,0.0,5.672672,5.63
1964,1639836043,173.0,0.0,0.0,5.672672,5.63
1965,1639836044,210.0,0.0,0.0,5.672672,5.63
1966,1639836044,228.0,0.0,0.0,5.145472,5.63
1967,1639836044,214.0,0.0,0.0,5.145472,5.63
1968,1639836044,168.0,0.0,0.0,5.145472,6.7
1969,1639836044,227.0,0.0,0.0,5.145472,6.7
1970,1639836044,242.0,0.0,0.0,5.145472,6.7
1971,1639836045,168.0,0.0,0.0,5.145472,6.7
1972,1639836045,153.0,0.0,0.0,6.01008,6.7
1973,1639836045,181.0,0.0,0.0,6.01008,6.7
1974,1639836045,216.0,0.0,0.0,6.01008,6.7
1975,1639836045,221.0,0.0,0.0,6.01008,6.7
1976,1639836045,177.0,0.0,0.0,6.01008,6.17
1977,1639836045,133.0,0.0,0.0,6.01008,6.17
1978,1639836046,211.0,0.0,0.0,6.01008,6.17
1979,1639836046,219.0,0.0,0.0,5.630496,6.17
1980,1639836046,132.0,0.0,0.0,5.630496,6.17
1981,1639836046,197.0,0.0,0.0,5.630496,6.17
1982,1639836046,229.0,0.0,0.0,5.630496,5.19
1983,1639836046,251.0,0.0,10.0,5.630496,5.19
1984,1639836046,209.0,0.0,10.0,5.630496,5.19
1985,1639836047,132.0,0.0,0.0,5.630496,5.19
1986,1639836047,203.0,0.0,0.0,6.16824,5.19
1987,1639836047,224.0,0.0,0.0,6.16824,5.19
1988,1639836047,237.0,0.0,0.0,6.16824,5.19
1989,1639836047,190.0,0.0,0.0,6.16824,5.14
1990,1639836047,197.0,0.0,0.0,6.16824,5.14
1991,1639836048,199.0,0.0,0.0,6.16824,5.14
1992,1639836048,157.0,0.0,0.0,3.658768,5.14
1993,1639836048,208.0,0.0,0.0,3.658768,5.14
1994,1639836048,225.0,0.0,0.0,3.658768,5.14
1995,1639836048,189.0,0.0,0.0,3.658768,6.23
1996,1639836049,192.0,0.0,0.0,3.658768,6.23
1997,1639836049,205.0,0.0,0.0,3.658768,6.23
1998,1639836049,206.0,0.0,0.0,6.727072,6.23
1999,1639836049,137.0,0.0,0.0,6.727072,6.23
2000,1639836049,177.0,0.0,0.0,6.727072,6.23
2001,1639836049,216.0,0.0,0.0,6.727072,5.54
2002,1639836050,193.0,0.0,0.0,6.727072,5.54
2003,1639836050,185.0,0.0,0.0,4.839696,5.54
2004,1639836050,189.0,0.0,0.0,4.839696,5.54
2005,1639836050,181.0,0.0,0.0,4.839696,5.54
2006,1639836050,186.0,0.0,0.0,4.839696,4.1
2007,1639836051,206.0,0.0,0.0,4.839696,4.1
2008,1639836051,211.0,0.0,0.0,3.58496,4.1
2009,1639836051,165.0,0.0,0.0,3.58496,4.1
2010,1639836051,189.0,0.0,0.0,3.58496,4.1
2011,1639836051,188.0,0.0,0.0,3.58496,4.1
2012,1639836051,205.0,0.0,0.0,3.58496,4.1
2013,1639836051,222.0,0.0,0.0,3.58496,4.1
2014,1639836051,221.0,0.0,0.0,3.58496,7.04
2015,1639836052,180.0,0.0,0.0,3.58496,7.04
2016,1639836052,192.0,0.0,0.0,3.58496,7.04
2017,1639836052,189.0,0.0,0.0,8.677712,7.04
2018,1639836052,189.0,0.0,0.0,8.677712,7.04
2019,1639836052,239.0,0.0,0.0,8.677712,7.04
2020,1639836052,233.0,0.0,0.0,8.677712,7.04
2021,1639836052,219.0,0.0,0.0,8.677712,7.04
2022,1639836052,171.0,0.0,0.0,8.677712,7.04
2023,1639836052,174.0,0.0,0.0,8.677712,7.04
2024,1639836052,164.0,0.0,0.0,8.677712,7.04
2025,1639836052,184.0,0.0,0.0,8.677712,7.04
2026,1639836052,200.0,0.0,0.0,8.677712,8.03
2027,1639836053,216.0,0.0,0.0,8.677712,8.03
2028,1639836053,189.0,0.0,0.0,8.677712,8.03
2029,1639836053,195.0,0.0,0.0,7.254272,8.03
2030,1639836053,180.0,0.0,0.0,7.254272,8.03
2031,1639836053,169.0,0.0,0.0,7.254272,8.03
2032,1639836053,224.0,0.0,0.0,7.254272,8.03
2033,1639836053,241.0,0.0,0.0,7.254272,8.03
2034,1639836054,210.0,0.0,0.0,7.254272,6.2
2035,1639836054,202.0,0.0,0.0,5.820288,6.2
2036,1639836054,202.0,0.0,0.0,5.820288,6.2
2037,1639836054,201.0,0.0,0.0,5.820288,6.2
2038,1639836054,197.0,0.0,0.0,5.820288,6.2
2039,1639836054,171.0,0.0,0.0,5.820288,6.2
2040,1639836054,149.0,0.0,0.0,5.820288,6.2
2041,1639836054,165.0,0.0,0.0,5.820288,6.2
2042,1639836055,180.0,0.0,0.0,5.820288,6.2
2043,1639836055,198.0,0.0,0.0,5.820288,7.14
2044,1639836055,221.0,0.0,0.0,5.820288,7.14
2045,1639836055,253.0,0.0,0.0,7.180464,7.14
2046,1639836055,212.0,0.0,0.0,7.180464,7.14
2047,1639836055,207.0,0.0,0.0,7.180464,7.14
2048,1639836055,159.0,0.0,0.0,7.180464,7.14
2049,1639836055,189.0,0.0,0.0,7.180464,7.14
2050,1639836055,201.0,0.0,0.0,7.180464,7.14
2051,1639836055,220.0,0.0,0.0,7.180464,7.14
2052,1639836056,233.0,0.0,0.0,7.180464,7.14
2053,1639836056,161.0,0.0,0.0,7.180464,6.29
2054,1639836056,172.0,0.0,0.0,7.918544,6.29
2055,1639836056,193.0,0.0,0.0,7.918544,6.29
2056,1639836056,225.0,0.0,0.0,7.918544,6.29
2057,1639836056,244.0,0.0,0.0,7.918544,6.29
2058,1639836056,219.0,0.0,0.0,7.918544,6.29
2059,1639836056,198.0,0.0,0.0,7.918544,6.29
2060,1639836056,203.0,0.0,0.0,7.918544,6.29
2061,1639836057,235.0,0.0,0.0,7.918544,6.29
2062,1639836057,245.0,0.0,0.0,7.918544,6.29
2063,1639836057,190.0,0.0,0.0,7.180464,8.61
2064,1639836057,169.0,0.0,0.0,7.180464,8.61
2065,1639836057,208.0,0.0,0.0,7.180464,8.61
2066,1639836057,208.0,0.0,0.0,7.180464,8.61
2067,1639836057,240.0,0.0,0.0,7.180464,8.61
2068,1639836057,174.0,0.0,0.0,7.180464,8.61
2069,1639836058,220.0,0.0,0.0,7.180464,7.37
2070,1639836058,247.0,0.0,0.0,6.885232,7.37
2071,1639836058,228.0,0.0,40.0,6.885232,7.37
2072,1639836058,179.0,0.0,0.0,6.885232,7.37
2073,1639836058,219.0,0.0,0.0,6.885232,7.37
2074,1639836058,235.0,0.0,0.0,6.885232,7.37
2075,1639836059,214.0,0.0,0.0,6.885232,7.37
2076,1639836059,192.0,0.0,0.0,6.885232,7.37
2077,1639836059,168.0,0.0,0.0,7.191008,8.22
2078,1639836059,201.0,0.0,0.0,7.191008,8.22
2079,1639836059,196.0,0.0,0.0,7.191008,8.22
2080,1639836059,232.0,0.0,0.0,7.191008,8.22
2081,1639836059,215.0,0.0,0.0,7.191008,8.22
2082,1639836059,160.0,0.0,0.0,7.191008,8.22
2083,1639836059,175.0,0.0,0.0,7.191008,8.22
2084,1639836060,189.0,0.0,0.0,7.191008,8.22
2085,1639836060,207.0,0.0,0.0,7.191008,8.22
2086,1639836060,220.0,0.0,0.0,7.191008,8.22
2087,1639836060,233.0,0.0,0.0,8.667168,8.28
2088,1639836060,129.0,0.0,0.0,8.667168,8.28
2089,1639836060,190.0,0.0,0.0,8.667168,8.28
2090,1639836060,198.0,0.0,0.0,8.667168,8.28
2091,1639836060,189.0,0.0,0.0,8.667168,8.28
2092,1639836061,184.0,0.0,0.0,8.667168,8.28
2093,1639836061,181.0,0.0,0.0,7.22264,8.28
2094,1639836061,175.0,0.0,0.0,7.22264,7.3
2095,1639836061,187.0,0.0,0.0,7.22264,7.3
2096,1639836061,179.0,0.0,0.0,7.22264,7.3
2097,1639836061,236.0,0.0,0.0,7.22264,7.3
2098,1639836062,180.0,0.0,0.0,7.22264,7.3
2099,1639836062,213.0,0.0,0.0,3.616592,4.55
2100,1639836062,242.0,0.0,0.0,3.616592,4.55
2101,1639836062,207.0,0.0,0.0,3.616592,4.55
2102,1639836062,215.0,0.0,0.0,3.616592,4.55
2103,1639836062,206.0,0.0,0.0,3.616592,4.55
2104,1639836063,248.0,0.0,0.0,3.616592,4.55
2105,1639836063,220.0,0.0,0.0,5.546144,4.55
2106,1639836063,174.0,0.0,0.0,5.546144,5.44
2107,1639836063,200.0,0.0,0.0,5.546144,5.44
2108,1639836063,247.0,0.0,0.0,5.546144,5.44
2109,1639836063,253.0,0.0,40.0,5.546144,5.44
2110,1639836064,139.0,0.0,20.0,5.546144,5.44
2111,1639836064,181.0,0.0,0.0,8.298128,5.44
2112,1639836064,182.0,0.0,0.0,8.298128,5.44
2113,1639836064,237.0,0.0,0.0,8.298128,5.44
2114,1639836064,242.0,0.0,0.0,8.298128,5.44
2115,1639836064,172.0,0.0,0.0,8.298128,8.34
2116,1639836064,167.0,0.0,0.0,8.298128,8.34
2117,1639836064,188.0,0.0,0.0,8.298128,8.34
2118,1639836065,224.0,0.0,0.0,8.298128,8.34
2119,1639836065,170.0,0.0,0.0,4.4812,8.34
2120,1639836065,217.0,0.0,0.0,4.4812,8.34
2121,1639836065,228.0,0.0,0.0,4.4812,8.34
2122,1639836065,225.0,0.0,0.0,4.4812,5.57
2123,1639836065,208.0,0.0,0.0,4.4812,5.57
2124,1639836065,155.0,0.0,0.0,4.4812,5.57
2125,1639836065,156.0,0.0,0.0,4.4812,5.57
2126,1639836066,186.0,0.0,0.0,4.4812,5.57
2127,1639836066,201.0,0.0,0.0,4.4812,5.57
2128,1639836066,212.0,0.0,0.0,7.043392,5.57
2129,1639836066,156.0,0.0,0.0,7.043392,5.57
2130,1639836066,247.0,0.0,0.0,7.043392,5.45
2131,1639836066,161.0,0.0,27.5,7.043392,5.45
2132,1639836067,191.0,0.0,0.0,7.043392,5.45
2133,1639836067,209.0,0.0,0.0,4.396848,5.45
2134,1639836067,206.0,0.0,0.0,4.396848,5.45
2135,1639836067,184.0,0.0,0.0,4.396848,5.45
2136,1639836067,179.0,0.0,0.0,4.396848,5.45
2137,1639836068,197.0,0.0,0.0,4.396848,5.15
2138,1639836068,205.0,0.0,0.0,4.396848,5.15
2139,1639836068,187.0,0.0,0.0,4.396848,5.15
2140,1639836068,200.0,0.0,0.0,5.651584,5.15
2141,1639836068,220.0,0.0,0.0,5.651584,5.15
2142,1639836068,150.0,0.0,0.0,5.651584,5.64
2143,1639836069,213.0,0.0,0.0,5.651584,5.64
2144,1639836069,244.0,0.0,0.0,5.651584,5.64
