,time,rtt,queue_delay,packet_loss,server_sending_rate,sending_rate_ewma,delivery_rate,bandwidth
0,1647262986.115,24.0,9.312629699707031,10.0,0.0,0.0,0.0,0.0
1,1647262986.167,29.0,2.8274059295654297,0.0,0.0,0.0,0.0,0.0
2,1647262986.48,23.0,0.16307830810546875,0.0,0.05968,0.00746,0.2,0.0
3,1647262986.772,23.0,0.232696533203125,0.0,0.12848,0.0225875,0.12,34.297943115234375
4,1647262986.953,24.0,3.394603729248047,0.0,0.074,0.0290140625,0.07,34.297943115234375
5,1647262987.143,22.0,0.16188621520996094,0.0,0.62072,3.100026135632247,2.73,34.297943115234375
6,1647262987.479,22.0,0.21386146545410156,0.0,0.0916,2.723972868678216,0.04,34.297943115234375
7,1647262987.813,23.0,0.1685619354248047,0.0,0.12872,2.399566260093439,0.12,34.297943115234375
8,1647262988.047,23.0,3.7703514099121094,0.0,0.09176,2.111090477581759,0.21,34.297943115234375
9,1647262988.116,26.0,4.085063934326172,0.0,6.75808,1.7180328069205832,0.21,34.297943115234375
10,1647262988.414,23.0,0.14257431030273438,0.0,0.074,3.660620414205168,0.09,34.297943115234375
11,1647262988.708,23.0,0.16617774963378906,0.0,0.10216,3.215812862429522,0.1,34.297943115234375
12,1647262989.044,22.0,0.18143653869628906,0.0,0.10104,2.826466254625832,0.07,22.86529541015625
13,1647262989.224,25.0,0.20837783813476562,0.0,0.18576,2.4963779727976028,0.07,22.86529541015625
14,1647262989.278,61.0,4.485130310058594,0.0,0.18576,1.2227545292727096,6.29,22.86529541015625
15,1647262989.329,60.0,0.1800060272216797,0.0,14.30088,4.025875010177198,6.29,22.86529541015625
16,1647262989.612,23.0,0.1456737518310547,0.0,0.09472,5.641659391583552,0.09,22.86529541015625
17,1647262989.947,23.0,0.16689300537109375,0.0,0.11592,4.950941967635608,0.06,22.86529541015625
18,1647262990.282,23.0,0.1659393310546875,0.0,0.05784,4.339304221681157,0.04,22.86529541015625
19,1647262990.424,23.0,9.524822235107422,0.0,0.06656,3.8052111939710125,0.06,22.86529541015625
20,1647262990.479,73.0,4.160165786743164,0.0,17.32784,11.25894749664114,0.06,22.86529541015625
21,1647262990.535,126.0,5.729913711547852,0.0,22.1772,15.210319455384571,7.14,22.86529541015625
22,1647262990.59,157.0,1.680612564086914,0.0,22.1772,19.050496626306685,11.5,22.86529541015625
23,1647262990.642,174.0,19.994258880615234,0.0,10.01408,16.934576549071547,11.5,22.86529541015625
24,1647262990.697,141.0,3.8962364196777344,0.0,10.01408,11.40798730050551,17.55,22.86529541015625
25,1647262990.753,105.0,0.7512569427490234,0.0,16.19808,11.067836958496457,17.55,22.86529541015625
26,1647262990.807,54.0,0.4284381866455078,0.0,16.19808,15.16476061630943,23.28,11.432647705078125
27,1647262990.883,23.0,0.17118453979492188,0.0,1.11896,13.409035539270752,23.28,11.432647705078125
28,1647262991.026,23.0,23.291349411010742,0.0,0.07504,11.742286096861909,0.07,11.432647705078125
29,1647262991.078,58.0,52.84738540649414,0.0,0.07504,3.144407489177126,0.07,11.432647705078125
30,1647262991.128,98.0,44.32988166809082,0.0,42.79928,26.728187128058142,21.18,11.432647705078125
31,1647262991.183,127.0,79.94985580444336,0.0,42.79928,39.56228486208506,21.18,11.432647705078125
32,1647262991.237,105.0,13.746023178100586,0.0,22.3892,27.87366315767158,23.61,11.432647705078125
33,1647262991.288,109.0,3.488302230834961,0.0,22.3892,23.651674767009514,23.61,11.432647705078125
34,1647262991.338,113.0,4.818201065063477,0.0,20.09088,21.728723480414153,23.22,11.432647705078125
35,1647262991.388,98.0,3.5660266876220703,0.0,20.09088,20.467897040116608,23.22,11.432647705078125
36,1647262991.443,83.0,1.3148784637451172,0.0,15.97912,18.1640161757236,23.54,11.432647705078125
37,1647262991.494,32.0,5.134105682373047,0.0,15.97912,16.729869806088658,23.54,11.432647705078125
38,1647262991.545,47.0,4.279851913452148,0.0,22.32944,18.77981494947395,19.58,11.432647705078125
39,1647262991.599,69.0,2.0782947540283203,0.0,22.32944,21.614484326385906,19.58,11.432647705078125
40,1647262991.658,32.0,1.5780925750732422,0.0,13.62168,19.967689990672973,23.01,11.432647705078125
41,1647262991.712,83.0,1.1932849884033203,0.0,13.62168,16.469739575625173,23.01,11.432647705078125
42,1647262991.767,103.0,4.307985305786133,0.0,21.01672,18.501933709917928,8.88,11.432647705078125
43,1647262991.821,129.0,1.0843276977539062,0.0,21.01672,19.88809568572286,8.88,11.432647705078125
44,1647262991.876,112.0,3.448486328125,0.0,9.83928,14.349141437261995,11.76,11.432647705078125
45,1647262991.93,102.0,4.182338714599609,0.0,21.1936,13.282574700593708,11.54,11.432647705078125
46,1647262991.985,154.0,9.284257888793945,0.0,21.1936,17.64316888027248,11.54,11.432647705078125
47,1647262992.04,177.0,37.33563423156738,0.0,17.57808,18.75279563444205,11.6,11.432647705078125
48,1647262992.095,205.0,74.55968856811523,0.0,17.57808,18.10528687742795,11.6,11.432647705078125
49,1647262992.149,219.0,50.26578903198242,0.0,9.59592,15.179951572275243,11.85,11.432647705078125
50,1647262992.204,241.0,62.93177604675293,0.0,9.59592,12.102007228571356,11.85,11.432647705078125
51,1647262992.259,260.0,42.113542556762695,0.0,15.80672,13.290783282601133,11.69,11.432647705078125
52,1647262992.314,245.0,108.46281051635742,0.0,15.80672,14.67757937932869,11.69,11.432647705078125
53,1647262992.367,227.0,117.21444129943848,0.0,10.8,12.861238401178896,11.58,11.432647705078125
54,1647262992.423,263.0,155.52616119384766,0.0,10.8,11.725074144974883,11.58,11.432647705078125
55,1647262992.477,253.0,205.27124404907227,0.0,12.816,12.32639758332119,11.72,11.432647705078125
56,1647262992.531,260.0,163.9711856842041,0.0,9.5812,12.191918727417583,11.63,11.432647705078125
57,1647262992.586,253.0,186.03134155273438,0.0,9.5812,10.752878343055537,11.63,11.432647705078125
58,1647262992.64,233.0,238.22760581970215,0.0,11.79432,10.771815785863389,11.54,11.432647705078125
59,1647262992.691,196.0,191.99728965759277,0.0,11.79432,11.558948600394057,11.54,11.432647705078125
60,1647262992.741,143.0,135.97369194030762,0.0,23.42296,15.578499279256658,22.81,11.432647705078125
61,1647262992.794,129.0,161.74912452697754,0.0,23.42296,21.842950388025,22.81,11.432647705078125
62,1647262992.844,116.0,79.22077178955078,0.0,26.58584,24.36811361586212,23.53,22.86529541015625
63,1647262992.899,125.0,32.753944396972656,0.0,26.58584,26.139151677066252,23.53,22.86529541015625
64,1647262992.949,126.0,44.16155815124512,0.0,19.29328,22.930875497580452,23.55,22.86529541015625
65,1647262993.003,119.0,5.959272384643555,0.0,19.29328,20.025954438085463,23.55,22.86529541015625
66,1647262993.054,118.0,7.848501205444336,0.0,20.48072,20.1164576430748,23.3,22.86529541015625
67,1647262993.108,105.0,1.1332035064697266,0.0,20.48072,20.407351282160594,23.3,22.86529541015625
68,1647262993.158,88.0,1.1606216430664062,0.0,13.80488,16.40956619427458,23.29,22.86529541015625
69,1647262993.213,46.0,1.458883285522461,0.0,13.80488,14.32950869910864,23.29,22.86529541015625
70,1647262993.292,24.0,5.860805511474609,0.0,10.846,12.543903089712275,23.24,22.86529541015625
71,1647262993.343,46.0,1.524209976196289,0.0,18.4116,14.367626409084352,12.83,22.86529541015625
72,1647262993.396,33.0,0.774383544921875,0.0,18.4116,16.59668358384081,12.83,22.86529541015625
73,1647262993.456,24.0,8.482217788696289,0.0,5.50128,15.581957791518354,12.05,22.86529541015625
74,1647262993.51,65.0,0.9596347808837891,0.0,5.50128,7.821762603359897,12.05,22.86529541015625
75,1647262993.561,92.0,1.4541149139404297,0.0,27.90016,19.63836608540824,22.59,22.86529541015625
76,1647262993.614,39.0,0.7815361022949219,0.0,27.90016,25.998368330050464,22.59,22.86529541015625
77,1647262993.668,39.0,1.1296272277832031,0.0,22.9928,25.842572240598898,21.37,22.86529541015625
78,1647262993.72,26.0,5.017995834350586,0.0,22.9928,24.27176444066703,21.37,22.86529541015625
79,1647262993.782,23.0,1.0695457458496094,0.0,13.13144,21.018008057121524,17.59,22.86529541015625
80,1647262993.833,37.0,1.3070106506347656,0.0,13.13144,17.176531227296184,17.59,22.86529541015625
81,1647262993.884,27.0,1.1467933654785156,0.0,13.13144,15.50259821209427,10.89,11.432647705078125
82,1647262993.937,40.0,1.0037422180175781,0.0,10.31696,12.976720175496471,10.89,11.432647705078125
83,1647262993.99,30.0,1.2989044189453125,0.0,10.31696,11.361436925949517,11.86,11.432647705078125
84,1647262994.042,43.0,1.0440349578857422,0.0,13.25112,12.403039082721843,11.86,11.432647705078125
85,1647262994.118,23.0,3.2968521118164062,0.0,15.01072,13.03608171946124,12.0,11.432647705078125
86,1647262994.169,34.0,2.7015209197998047,0.0,15.01072,14.417029596150986,12.0,11.432647705078125
87,1647262994.226,33.0,0.6310939788818359,0.0,15.01072,14.89114051862937,13.88,11.432647705078125
88,1647262994.284,22.0,2.9418468475341797,0.0,18.90256,15.831316959575613,11.68,11.432647705078125
89,1647262994.348,24.0,0.7078647613525391,0.0,18.90256,17.524200501163907,11.68,11.432647705078125
90,1647262994.399,38.0,1.0004043579101562,0.0,8.43416,13.096522997529965,7.78,11.432647705078125
91,1647262994.457,25.0,0.7114410400390625,0.0,8.43416,12.003781669983882,7.78,11.432647705078125
92,1647262994.52,24.0,0.804901123046875,0.0,7.06048,9.595943597638522,6.59,11.432647705078125
93,1647262994.588,26.0,1.4598369598388672,0.0,7.06048,8.759042527324244,6.59,11.432647705078125
94,1647262994.655,23.0,6.331205368041992,0.0,9.68368,8.813196693109797,7.97,11.432647705078125
95,1647262994.705,35.0,0.7734298706054688,0.0,21.34344,13.42953629040485,14.46,11.432647705078125
96,1647262994.758,25.0,2.2509098052978516,0.0,21.34344,17.7917170632547,14.46,11.432647705078125
97,1647262994.81,35.0,1.9497871398925781,0.0,21.34344,19.948692951385482,12.79,11.432647705078125
98,1647262994.891,24.0,0.8082389831542969,0.0,19.37568,19.891877592718185,12.79,22.86529541015625
99,1647262994.958,22.0,1.9576549530029297,0.0,5.31936,17.92122555178622,16.77,22.86529541015625
100,1647262995.019,26.0,2.8672218322753906,0.0,5.31936,9.108209189457442,16.77,22.86529541015625
101,1647262995.089,22.0,0.6334781646728516,0.0,17.42912,8.320945556732823,14.86,22.86529541015625
102,1647262995.157,22.0,1.6872882843017578,0.0,17.42912,10.455673941873567,6.77,22.86529541015625
103,1647262995.224,24.0,0.9510517120361328,0.0,5.24744,10.997295955232818,6.2,22.86529541015625
104,1647262995.275,37.0,3.758668899536133,0.0,11.89696,8.659138435353034,6.2,22.86529541015625
105,1647262995.349,24.0,1.2252330780029297,0.0,11.89696,11.326326057896754,19.55,22.86529541015625
106,1647262995.414,23.0,0.7429122924804688,0.0,16.12448,12.631687158147795,19.55,22.86529541015625
107,1647262995.493,22.0,4.765987396240234,0.0,16.12448,13.450310480456906,8.01,22.86529541015625
108,1647262995.559,25.0,1.2364387512207031,0.0,9.55464,11.330579328347586,9.51,22.86529541015625
109,1647262995.611,38.0,1.4128684997558594,0.0,12.66536,11.278824724600486,9.51,22.86529541015625
110,1647262995.694,25.0,2.2428035736083984,0.0,12.66536,12.120873276906803,14.05,22.86529541015625
111,1647262995.756,23.0,0.9016990661621094,0.0,9.13912,11.945307894438862,14.05,22.86529541015625
112,1647262995.82,22.0,0.7691383361816406,0.0,9.13912,10.398523990146021,6.8,22.86529541015625
113,1647262995.873,30.0,5.23686408996582,0.0,8.00688,9.31653786079053,7.54,22.86529541015625
114,1647262995.925,48.0,1.8725395202636719,0.0,8.00688,8.142179052540765,7.54,22.86529541015625
115,1647262995.987,22.0,0.9629726409912109,0.0,33.0708,11.17546387620158,31.64,22.86529541015625
116,1647262996.052,23.0,4.590272903442383,0.0,33.0708,23.244275648388818,31.64,22.86529541015625
117,1647262996.127,25.0,3.4232139587402344,0.0,17.08448,18.78905138412496,8.36,22.86529541015625
118,1647262996.19,22.0,19.576549530029297,0.0,14.65776,17.22957109899105,21.17,22.86529541015625
119,1647262996.241,43.0,38.08307647705078,0.0,14.65776,15.249768100820146,21.17,22.86529541015625
120,1647262996.294,86.0,13.942241668701172,0.0,45.94768,36.60128103696781,21.39,22.86529541015625
121,1647262996.346,65.0,5.254507064819336,0.0,45.94768,44.98211566275931,21.39,22.86529541015625
122,1647262996.397,33.0,1.8701553344726562,0.0,45.94768,45.84792880244908,35.07,22.86529541015625
123,1647262996.454,24.0,2.446413040161133,0.0,21.70688,35.8579195934278,35.07,22.86529541015625
124,1647262996.52,22.0,1.0368824005126953,0.0,10.52192,26.659680322903398,19.23,22.86529541015625
125,1647262996.592,24.0,2.3839473724365234,0.0,10.52192,16.859152374956526,7.94,22.86529541015625
126,1647262996.658,26.0,0.7295608520507812,0.0,16.77632,16.31387766805774,7.94,22.86529541015625
127,1647262996.709,37.0,4.142045974731445,0.0,14.51592,15.975463545167631,18.63,22.86529541015625
128,1647262996.76,53.0,2.400636672973633,0.0,14.51592,14.85189397669602,18.63,22.86529541015625
129,1647262996.829,24.0,3.2601356506347656,0.0,13.83616,14.546393653871487,21.48,22.86529541015625
130,1647262996.893,23.0,1.0673999786376953,0.0,13.83616,14.049697288803635,21.48,22.86529541015625
131,1647262996.946,22.0,4.958868026733398,0.0,11.81368,12.946862599527204,12.43,34.297943115234375
132,1647262996.997,36.0,4.924535751342773,0.0,11.81368,12.111792665269446,15.84,34.297943115234375
133,1647262997.048,42.0,4.346609115600586,0.0,21.24992,17.661414827448844,15.84,34.297943115234375
134,1647262997.104,64.0,1.0662078857421875,0.0,21.24992,20.52713319959449,19.25,34.297943115234375
135,1647262997.157,91.0,1.247406005859375,0.0,29.55952,26.15079239696485,19.25,34.297943115234375
136,1647262997.217,23.0,1.1391639709472656,0.0,29.55952,28.534659453538257,21.41,34.297943115234375
137,1647262997.286,23.0,3.0519962310791016,0.0,9.80296,26.403373501100823,21.41,34.297943115234375
138,1647262997.35,25.0,0.8490085601806641,0.0,9.80296,17.253147866176654,7.62,34.297943115234375
139,1647262997.403,26.0,1.2238025665283203,0.0,7.44272,14.953828835041502,4.82,34.297943115234375
140,1647262997.457,61.0,0.8492469787597656,0.0,7.44272,8.955586795874689,4.82,34.297943115234375
141,1647262997.528,25.0,1.146554946899414,0.0,16.30408,9.563892560517614,16.23,34.297943115234375
142,1647262997.58,37.0,4.170656204223633,0.0,16.30408,12.846977635028672,16.23,34.297943115234375
143,1647262997.63,36.0,1.5368461608886719,0.0,18.94984,15.839005703043105,16.69,34.297943115234375
144,1647262997.686,25.0,5.120992660522461,0.0,18.94984,17.12632604809729,16.69,34.297943115234375
145,1647262997.737,32.0,1.4030933380126953,0.0,20.34744,19.165103495564278,17.44,34.297943115234375
146,1647262997.791,26.0,0.8828639984130859,0.0,20.34744,19.654376048059042,17.44,34.297943115234375
147,1647262997.845,37.0,2.500772476196289,0.0,14.24152,17.548534828141545,9.22,34.297943115234375
148,1647262997.898,29.0,2.123117446899414,0.0,14.24152,15.23579980719504,9.22,34.297943115234375
149,1647262997.954,22.0,0.7646083831787109,0.0,14.24152,14.687748122851136,17.21,34.297943115234375
150,1647262998.021,22.0,5.916357040405273,0.0,13.30896,14.321889230738163,17.21,34.297943115234375
151,1647262998.072,29.0,1.2941360473632812,0.0,13.30896,13.465163890458031,8.72,34.297943115234375
152,1647262998.126,29.0,1.7876625061035156,0.0,23.69944,16.785594074514318,8.72,34.297943115234375
153,1647262998.185,24.0,4.241704940795898,0.0,23.69944,21.323780897495407,24.2,34.297943115234375
154,1647262998.26,25.0,9.420633316040039,0.0,17.45376,19.94296463809756,16.07,34.297943115234375
155,1647262998.312,36.0,1.767873764038086,0.0,24.29672,20.542658978511213,16.07,34.297943115234375
156,1647262998.388,22.0,0.6058216094970703,0.0,24.29672,23.006791162537358,27.0,34.297943115234375
157,1647262998.439,31.0,2.946615219116211,0.0,5.82648,14.63841511074113,27.0,34.297943115234375
158,1647262998.492,23.0,0.9198188781738281,0.0,5.82648,7.379496177513941,18.6,34.297943115234375
159,1647262998.56,23.0,3.313779830932617,0.0,20.03688,8.791808010909111,18.6,34.297943115234375
160,1647262998.622,22.0,1.209259033203125,0.0,20.03688,15.620986292194424,8.79,34.297943115234375
161,1647262998.674,34.0,1.6055107116699219,0.0,10.33016,13.574720052276934,8.79,34.297943115234375
162,1647262998.757,23.0,5.378007888793945,0.0,13.26504,11.811879761829738,12.92,34.297943115234375
163,1647262998.808,31.0,1.950979232788086,0.0,13.26504,13.008934918648734,13.74,34.297943115234375
164,1647262998.893,23.0,0.6320476531982422,0.0,26.57184,14.876806021876352,13.74,34.297943115234375
165,1647262998.959,23.0,0.6439685821533203,0.0,26.57184,21.32316349970906,17.36,22.86529541015625
166,1647262999.012,35.0,6.057977676391602,0.0,6.90144,13.373841992863737,17.36,22.86529541015625
167,1647262999.095,24.0,0.7693767547607422,0.0,6.90144,7.899549582795684,15.92,22.86529541015625
168,1647262999.16,23.0,2.6869773864746094,0.0,20.82776,13.249480407297957,11.55,22.86529541015625
169,1647262999.222,24.0,2.5587081909179688,0.0,20.82776,19.65911295197662,11.55,22.86529541015625
170,1647262999.286,22.0,2.1538734436035156,0.0,19.51664,19.6257208538571,18.78,22.86529541015625
171,1647262999.336,34.0,4.944324493408203,0.0,13.62272,18.817381153929006,18.78,22.86529541015625
172,1647262999.388,22.0,2.2835731506347656,0.0,13.62272,14.669014301972512,13.56,22.86529541015625
173,1647262999.456,24.0,0.7805824279785156,0.0,13.62272,14.092291984606797,13.56,22.86529541015625
174,1647262999.52,23.0,0.5042552947998047,0.0,15.66688,14.612029044375259,15.59,22.86529541015625
175,1647262999.573,31.0,2.2759437561035156,0.0,19.9324,16.04827698621704,15.59,22.86529541015625
176,1647262999.625,24.0,2.317190170288086,0.0,19.9324,19.47381291013045,12.15,22.86529541015625
177,1647262999.691,25.0,0.7507801055908203,0.0,19.9324,19.663584667290824,15.3,22.86529541015625
178,1647262999.742,37.0,4.075288772583008,0.0,8.8704,13.714330751503363,15.3,22.86529541015625
179,1647262999.794,25.0,1.277923583984375,0.0,8.8704,10.326765569542212,15.41,22.86529541015625
180,1647262999.847,40.0,2.2203922271728516,0.0,16.6276,13.718113748091461,15.41,22.86529541015625
181,1647262999.923,22.0,0.7436275482177734,0.0,16.6276,15.32183619060216,14.14,22.86529541015625
182,1647262999.975,34.0,4.773139953613281,0.0,13.46736,14.29964023280393,14.14,34.297943115234375
183,1647263000.026,22.0,1.847982406616211,0.0,13.46736,13.658943526552825,11.03,34.297943115234375
184,1647263000.099,25.0,2.05230712890625,0.0,21.36864,16.173664590172525,12.33,34.297943115234375
185,1647263000.151,59.0,1.394510269165039,0.0,21.36864,20.75528438621465,12.33,34.297943115234375
186,1647263000.221,22.0,3.2820701599121094,0.0,26.14656,23.485167681215678,12.33,34.297943115234375
187,1647263000.287,22.0,0.7312297821044922,0.0,7.84696,22.813992138066954,26.17,34.297943115234375
188,1647263000.355,24.0,1.363515853881836,0.0,7.84696,19.30609398070751,8.57,34.297943115234375
189,1647263000.417,22.0,0.5829334259033203,0.0,4.27808,16.174249453979183,8.57,34.297943115234375
190,1647263000.494,23.0,1.2896060943603516,0.0,4.27808,12.247584145927462,3.48,34.297943115234375
191,1647263000.561,23.0,1.2192726135253906,0.0,5.032,9.793725160259998,3.48,34.297943115234375
192,1647263000.629,23.0,2.7976036071777344,0.0,5.03784,7.823965866646546,6.08,34.297943115234375
193,1647263000.696,24.0,1.0764598846435547,0.0,5.03784,5.875510477294842,8.44,34.297943115234375
194,1647263000.761,24.0,1.6868114471435547,0.0,10.95568,6.418911459178864,8.44,34.297943115234375
195,1647263000.858,25.0,1.4681816101074219,0.0,5.47928,7.231849512692091,7.17,34.297943115234375
196,1647263000.922,23.0,0.5426406860351562,0.0,5.47928,6.653364654010522,4.37,34.297943115234375
197,1647263000.989,23.0,0.7014274597167969,0.0,4.39384,6.130144992823455,3.94,34.297943115234375
198,1647263001.055,23.0,1.0328292846679688,0.0,4.39384,5.723198510130457,3.94,34.297943115234375
199,1647263001.121,22.0,1.7023086547851562,0.0,6.23376,5.403075552447076,4.46,34.297943115234375
200,1647263001.171,35.0,1.0075569152832031,0.0,6.23376,5.907553620113813,4.46,34.297943115234375
201,1647263001.222,22.0,2.154111862182617,0.0,9.51136,6.393708240399638,10.07,34.297943115234375
202,1647263001.29,24.0,0.19168853759765625,0.0,9.51136,7.912288554577536,6.26,34.297943115234375
203,1647263001.357,24.0,0.7908344268798828,0.0,5.73408,7.01090586414567,6.26,34.297943115234375
204,1647263001.422,25.0,0.9038448333740234,0.0,5.73408,6.711649802236528,5.81,34.297943115234375
205,1647263001.497,25.0,0.7193088531494141,0.0,6.93152,6.669625394857674,5.81,34.297943115234375
206,1647263001.548,32.0,2.9671192169189453,0.0,16.62976,9.99836879185098,3.75,34.297943115234375
207,1647263001.598,25.0,1.117706298828125,0.0,16.62976,15.734961093892034,3.75,34.297943115234375
208,1647263001.663,24.0,0.9047985076904297,0.0,16.62976,16.105245309188177,22.85,34.297943115234375
209,1647263001.728,23.0,1.9354820251464844,0.0,11.20752,14.9573409398472,22.85,34.297943115234375
210,1647263001.794,22.0,1.46484375,0.0,7.89208,12.475992083404858,6.57,34.297943115234375
211,1647263001.862,23.0,0.6542205810546875,0.0,7.89208,9.949318283922189,8.92,34.297943115234375
212,1647263001.93,24.0,1.6779899597167969,0.0,7.84888,9.461753061127924,8.92,34.297943115234375
213,1647263001.995,24.0,1.0857582092285156,0.0,7.84888,8.79431657709183,5.62,34.297943115234375
214,1647263002.058,22.0,0.6155967712402344,0.0,7.73432,8.355670532616573,5.86,34.297943115234375
215,1647263002.126,23.0,1.5101432800292969,0.0,7.73432,8.210041501534564,5.86,34.297943115234375
216,1647263002.19,22.0,0.6756782531738281,0.0,6.07544,7.62437921025012,5.19,34.297943115234375
217,1647263002.256,22.0,0.720977783203125,0.0,6.07544,6.983399727492808,5.19,34.297943115234375
218,1647263002.326,23.0,3.7174224853515625,0.0,6.46408,6.774789583066471,6.08,34.297943115234375
219,1647263002.388,23.0,0.7612705230712891,0.0,6.46408,6.646212253159814,5.87,34.297943115234375
220,1647263002.453,23.0,0.8044242858886719,0.0,6.72848,6.6802561571866965,5.87,34.297943115234375
221,1647263002.532,23.0,1.7626285552978516,0.0,5.36696,6.521368620346064,6.12,34.297943115234375
222,1647263002.597,24.0,0.7407665252685547,0.0,5.36696,6.043653139026098,3.79,34.297943115234375
223,1647263002.662,24.0,0.6659030914306641,0.0,7.69152,6.054195094433998,3.79,34.297943115234375
224,1647263002.729,25.0,1.6727447509765625,0.0,7.69152,6.437943119176029,5.75,34.297943115234375
225,1647263002.792,23.0,1.0364055633544922,0.0,5.21664,6.5423614255417535,5.75,34.297943115234375
226,1647263002.859,24.0,1.1568069458007812,0.0,5.21664,5.993753560235778,4.74,34.297943115234375
227,1647263002.924,23.0,1.8153190612792969,0.0,6.16968,5.930747569555518,4.74,34.297943115234375
228,1647263002.989,23.0,0.7824897766113281,0.0,6.16968,6.029622195923534,7.46,34.297943115234375
229,1647263003.055,23.0,0.6170272827148438,0.0,5.63288,5.898666275784711,5.03,34.297943115234375
230,1647263003.124,24.0,1.737356185913086,0.0,4.23544,5.6616926173976685,5.03,34.297943115234375
231,1647263003.19,24.0,0.7717609405517578,0.0,4.23544,5.071483099211864,4.63,34.297943115234375
232,1647263003.264,22.0,0.8537769317626953,0.0,5.46456,5.201229185604823,4.63,34.297943115234375
233,1647263003.336,26.0,2.156972885131836,0.0,4.1912,5.128978927075106,4.93,34.297943115234375
234,1647263003.397,23.0,0.8924007415771484,0.0,4.1912,4.740908790016439,5.5,34.297943115234375
235,1647263003.465,23.0,0.9706020355224609,0.0,7.59888,5.92358974727282,5.29,34.297943115234375
236,1647263003.536,25.0,3.6149024963378906,0.0,3.54176,5.969426412723784,5.29,34.297943115234375
237,1647263003.598,23.0,0.7174015045166016,0.0,3.54176,4.964813480700636,6.07,34.297943115234375
238,1647263003.665,24.0,0.6260871887207031,0.0,8.9428,6.902455168766345,6.44,34.297943115234375
239,1647263003.732,24.0,1.5833377838134766,0.0,8.9428,7.380660988586732,6.44,34.297943115234375
240,1647263003.799,25.0,0.6866455078125,0.0,5.41128,6.861425291405454,5.31,34.297943115234375
241,1647263003.864,24.0,0.6551742553710938,0.0,5.41128,6.261328546060667,5.31,34.297943115234375
242,1647263003.929,23.0,1.6052722930908203,0.0,6.41408,6.297129668077697,6.51,34.297943115234375
243,1647263003.994,24.0,0.8275508880615234,0.0,6.41408,6.345525862562146,6.51,34.297943115234375
244,1647263004.057,22.0,0.6971359252929688,0.0,6.16144,6.284763146208625,5.96,34.297943115234375
245,1647263004.124,23.0,1.8301010131835938,0.0,6.16144,6.255859283815978,5.96,34.297943115234375
246,1647263004.19,23.0,0.6937980651855469,0.0,7.49992,6.530493100693889,5.64,34.297943115234375
247,1647263004.256,23.0,0.6680488586425781,0.0,7.49992,6.850479713941415,5.2,34.297943115234375
248,1647263004.332,22.0,1.2965202331542969,0.0,5.34368,6.497323530986396,5.2,34.297943115234375
249,1647263004.4,24.0,0.8072853088378906,0.0,5.34368,6.019924657690024,4.56,34.297943115234375
250,1647263004.465,24.0,1.3418197631835938,0.0,5.9636,6.001333120288433,4.56,34.297943115234375
251,1647263004.53,23.0,0.6432533264160156,0.0,5.9636,5.982953654562002,4.77,34.297943115234375
252,1647263004.601,27.0,0.7731914520263672,0.0,8.74408,7.327873625250962,6.79,34.297943115234375
253,1647263004.667,25.0,1.25885009765625,0.0,5.42296,7.244656994332768,5.39,34.297943115234375
254,1647263004.729,23.0,0.5171298980712891,0.0,5.42296,6.643354666125273,5.39,34.297943115234375
255,1647263004.797,24.0,0.621795654296875,0.0,6.45544,6.369589082970641,5.49,34.297943115234375
256,1647263004.864,23.0,2.2804737091064453,0.0,6.45544,6.380320447599312,5.49,34.297943115234375
257,1647263004.931,25.0,0.5905628204345703,0.0,4.49344,5.951562547530749,3.35,34.297943115234375
258,1647263005.027,22.0,1.6107559204101562,0.0,4.20304,5.4339681910215765,4.65,45.7305908203125
259,1647263005.092,24.0,0.6661415100097656,0.0,4.20304,4.834394068191518,5.77,45.7305908203125
260,1647263005.161,24.0,1.4727115631103516,0.0,10.03688,6.452490111819301,5.77,45.7305908203125
261,1647263005.229,24.0,0.789642333984375,0.0,10.03688,8.428222598134724,7.97,45.7305908203125
262,1647263005.293,23.0,1.0089874267578125,0.0,7.37544,7.992561830596062,7.97,45.7305908203125
263,1647263005.36,22.0,1.6624927520751953,0.0,8.22176,7.8946534138563464,8.63,45.7305908203125
264,1647263005.428,25.0,2.105712890625,0.0,8.22176,8.053984109090687,6.34,45.7305908203125
265,1647263005.495,24.0,1.0623931884765625,0.0,8.28464,8.172483864022865,6.34,45.7305908203125
266,1647263005.561,23.0,1.1506080627441406,0.0,8.28464,8.227114115680916,7.69,45.7305908203125
267,1647263005.626,23.0,1.2011528015136719,0.0,7.61944,8.0846904948182,6.65,45.7305908203125
268,1647263005.694,23.0,0.6384849548339844,0.0,7.14,7.768312244052376,6.65,45.7305908203125
269,1647263005.761,24.0,0.7901191711425781,0.0,7.14,7.508305102043398,7.1,45.7305908203125
270,1647263005.829,24.0,1.165628433227539,0.0,5.91488,6.821929829408063,5.9,45.7305908203125
271,1647263005.896,25.0,1.1267662048339844,0.0,5.91488,6.380113962489663,5.9,45.7305908203125
272,1647263005.959,24.0,0.8280277252197266,0.0,9.842,7.812705962875411,8.82,45.7305908203125
273,1647263006.026,23.0,1.7595291137695312,0.0,8.09264,8.433795092007779,7.08,45.7305908203125
274,1647263006.104,24.0,3.399372100830078,0.0,8.09264,8.292618851540693,7.08,34.297943115234375
275,1647263006.169,23.0,2.358675003051758,0.0,8.3028,8.269357638797421,9.23,34.297943115234375
276,1647263006.235,23.0,0.9799003601074219,0.0,6.84072,8.102887114113411,9.23,34.297943115234375
277,1647263006.302,24.0,1.100778579711914,0.0,6.84072,7.488096790982179,7.23,34.297943115234375
278,1647263006.367,23.0,2.0296573638916016,0.0,7.55392,7.363561873646264,7.08,34.297943115234375
279,1647263006.431,24.0,0.9660720825195312,0.0,7.55392,7.442335561187664,7.08,34.297943115234375
280,1647263006.496,22.0,1.285552978515625,0.0,7.12176,7.286186069851108,6.12,34.297943115234375
281,1647263006.563,23.0,1.5921592712402344,0.0,7.12176,7.218143543386844,6.12,34.297943115234375
282,1647263006.628,24.0,0.7658004760742188,0.0,9.58624,7.755870763591751,9.6,34.297943115234375
283,1647263006.695,25.0,1.7902851104736328,0.0,6.54304,7.979635609203068,4.76,34.297943115234375
284,1647263006.768,23.0,1.495361328125,0.0,6.54304,7.5054468241340855,4.76,34.297943115234375
285,1647263006.835,25.0,0.9233951568603516,0.0,3.44176,5.753300458167164,3.99,34.297943115234375
286,1647263006.887,27.0,2.2199153900146484,0.0,3.44176,4.796742578139494,6.0,34.297943115234375
287,1647263006.942,74.0,1.7423629760742188,0.0,30.1392,22.38532323688557,6.0,34.297943115234375
288,1647263006.993,56.0,2.089977264404297,0.0,30.1392,28.3543263526603,22.99,34.297943115234375
289,1647263007.068,23.0,0.9214878082275391,0.0,8.14312,26.588647062775156,22.99,34.297943115234375
290,1647263007.139,27.0,0.3771781921386719,0.0,8.14312,17.603995651369086,11.73,34.297943115234375
291,1647263007.203,24.0,1.8672943115234375,0.0,6.82952,15.222402920579455,6.15,34.297943115234375
292,1647263007.267,24.0,0.8890628814697266,0.0,6.82952,11.749273879958807,6.15,34.297943115234375
293,1647263007.33,22.0,0.9915828704833984,0.0,8.77192,9.956189400825462,6.27,34.297943115234375
294,1647263007.397,22.0,1.9001960754394531,0.0,8.77192,9.565287977506118,6.27,34.297943115234375
295,1647263007.467,26.0,1.7440319061279297,0.0,8.46328,9.089399834234683,6.87,34.297943115234375
296,1647263007.528,22.0,0.9620189666748047,0.0,8.46328,8.784422457702096,8.83,34.297943115234375
297,1647263007.578,35.0,2.276182174682617,0.0,7.7268,8.408431875230159,8.83,34.297943115234375
298,1647263007.632,25.0,0.9622573852539062,0.0,7.7268,7.994474045287452,9.18,34.297943115234375
299,1647263007.701,25.0,2.0318031311035156,0.0,12.51384,8.504500698307805,9.18,34.297943115234375
300,1647263007.763,23.0,0.8187294006347656,0.0,12.51384,10.163638910311777,7.42,34.297943115234375
301,1647263007.832,26.0,0.8151531219482422,0.0,7.65008,9.295687677173161,6.64,34.297943115234375
302,1647263007.897,24.0,4.807472229003906,0.0,6.24808,8.734748377835702,6.64,34.297943115234375
303,1647263007.963,26.0,0.7524490356445312,0.0,6.24808,7.523514430733786,6.0,34.297943115234375
304,1647263008.015,32.0,0.583648681640625,0.0,4.10512,6.395177206526736,4.3,34.297943115234375
305,1647263008.103,22.0,1.2214183807373047,0.0,7.98048,6.123699417653652,4.3,34.297943115234375
306,1647263008.201,23.0,1.5120506286621094,0.0,7.98048,6.892069311959575,5.68,34.297943115234375
307,1647263008.268,25.0,0.7371902465820312,0.0,4.56832,6.5427486372106785,5.01,34.297943115234375
308,1647263008.362,22.0,0.6108283996582031,0.0,5.45264,5.8362338178571385,4.96,34.297943115234375
309,1647263008.428,23.0,0.3685951232910156,0.0,5.45264,5.677495653485106,5.03,34.297943115234375
310,1647263008.496,24.0,1.325368881225586,0.0,5.92216,5.683485109699534,5.03,34.297943115234375
311,1647263008.564,25.0,1.608133316040039,0.0,5.92216,5.78225316122768,4.46,34.297943115234375
312,1647263008.628,23.0,1.1916160583496094,0.0,7.47544,6.022593348244324,4.46,34.297943115234375
313,1647263008.707,25.0,1.2383460998535156,0.0,7.47544,6.730261970335155,5.9,34.297943115234375
314,1647263008.776,28.0,2.6786327362060547,0.0,6.40272,6.684548913763357,5.94,34.297943115234375
315,1647263008.867,22.0,1.6164779663085938,0.0,10.4448,7.018653060001096,9.91,34.297943115234375
316,1647263008.935,23.0,0.6153583526611328,0.0,10.4448,8.68749861997798,9.91,34.297943115234375
317,1647263009.003,25.0,0.6220340728759766,0.0,5.7696,7.480018600236114,5.91,34.297943115234375
318,1647263009.069,25.0,1.5883445739746094,0.0,7.47744,7.292619240805775,5.06,34.297943115234375
319,1647263009.168,26.0,1.2710094451904297,0.0,7.47744,7.369101464153971,5.06,22.86529541015625
320,1647263009.231,23.0,0.4582405090332031,0.0,4.26056,6.650905394931273,4.68,22.86529541015625
321,1647263009.297,23.0,0.5612373352050781,0.0,4.26056,5.861904668869974,4.33,22.86529541015625
322,1647263009.367,27.0,1.4064311981201172,0.0,4.51976,5.547339512103573,4.33,22.86529541015625
323,1647263009.428,22.0,0.9307861328125,0.0,4.63224,5.222217993460011,4.91,22.86529541015625
324,1647263009.496,24.0,0.7197856903076172,0.0,4.63224,4.978074268139035,5.2,22.86529541015625
325,1647263009.572,24.0,2.0682811737060547,0.0,4.42512,4.8484756115439485,2.77,22.86529541015625
326,1647263009.642,23.0,25.380373001098633,0.0,6.012,4.840622876074803,2.77,22.86529541015625
327,1647263009.693,45.0,38.167476654052734,0.0,6.012,5.805556398161837,11.82,22.86529541015625
328,1647263009.745,83.0,1.0879039764404297,0.0,50.46336,32.98616559027007,11.82,22.86529541015625
329,1647263009.797,48.0,2.3102760314941406,0.0,50.46336,48.65781374589676,35.34,22.86529541015625
330,1647263009.868,23.0,3.2405853271484375,0.0,11.02792,45.058934878911366,35.34,22.86529541015625
331,1647263009.936,22.0,1.4104843139648438,0.0,11.02792,18.86155774087074,19.74,22.86529541015625
332,1647263010.005,24.0,1.863718032836914,0.0,14.14224,15.610967063901978,13.64,22.86529541015625
333,1647263010.072,22.0,4.5166015625,0.0,9.53368,14.550102388512459,13.64,22.86529541015625
334,1647263010.142,24.0,6.552219390869141,0.0,9.53368,10.853378210139045,9.49,22.86529541015625
335,1647263010.2,25.0,3.7622451782226562,0.0,21.65152,19.4142888937866,21.23,22.86529541015625
336,1647263010.252,37.0,2.6814937591552734,0.0,21.65152,21.25723020359062,21.23,22.86529541015625
337,1647263010.332,24.0,0.7283687591552734,0.0,26.23136,23.059496984634084,25.21,22.86529541015625
338,1647263010.382,33.0,1.2736320495605469,0.0,13.67448,21.864823977452144,6.65,22.86529541015625
339,1647263010.434,26.0,1.6231536865234375,0.0,13.67448,16.890794530478885,6.65,22.86529541015625
340,1647263010.499,24.0,0.5965232849121094,0.0,13.67448,15.117946904435389,15.17,22.86529541015625
341,1647263010.567,24.0,3.425121307373047,0.0,9.53216,13.274200836369804,15.17,22.86529541015625
342,1647263010.637,24.0,6.080389022827148,0.0,10.11072,10.890278594686123,9.9,22.86529541015625
343,1647263010.692,69.0,5.24592399597168,0.0,10.11072,10.267736539001175,9.9,22.86529541015625
344,1647263010.742,53.0,3.070831298828125,0.0,28.34904,20.19991117921399,16.52,22.86529541015625
345,1647263010.806,25.0,0.7295608520507812,0.0,28.34904,26.473182835208654,21.07,22.86529541015625
346,1647263010.856,36.0,0.8966922760009766,0.0,10.09552,19.83325439915014,21.07,22.86529541015625
347,1647263010.907,25.0,1.1014938354492188,0.0,10.09552,13.919488410625124,12.76,22.86529541015625
348,1647263010.976,22.0,5.018472671508789,0.0,15.86968,12.778637567058608,12.76,22.86529541015625
349,1647263011.03,46.0,0.8490085601806641,0.0,15.86968,15.247090770614813,12.15,22.86529541015625
350,1647263011.086,31.0,4.0607452392578125,0.0,18.52008,16.50003082238409,12.15,22.86529541015625
351,1647263011.139,46.0,1.6508102416992188,0.0,18.52008,18.11320727401956,18.54,22.86529541015625
352,1647263011.19,42.0,0.7901191711425781,0.0,29.20984,22.85004045310143,18.54,22.86529541015625
353,1647263011.264,23.0,2.0792484283447266,0.0,29.20984,25.94784198410875,23.27,22.86529541015625
354,1647263011.334,26.0,0.8406639099121094,0.0,7.17912,24.782892069913203,5.97,22.86529541015625
355,1647263011.404,26.0,5.858659744262695,0.0,7.17912,16.208251993989,5.97,22.86529541015625
356,1647263011.456,69.0,5.183696746826172,0.0,18.2216,16.505731508273257,12.47,22.86529541015625
357,1647263011.511,49.0,1.9092559814453125,0.0,18.2216,17.875994507624434,12.47,22.86529541015625
358,1647263011.565,45.0,1.6214847564697266,0.0,21.46552,20.542512973258567,23.41,22.86529541015625
359,1647263011.642,23.0,3.4241676330566406,0.0,13.21896,20.117546556260223,15.6,22.86529541015625
360,1647263011.707,23.0,1.4286041259765625,0.0,13.21896,15.928006682501897,15.6,22.86529541015625
361,1647263011.764,23.0,1.2907981872558594,0.0,12.67256,14.254412781485236,12.09,22.86529541015625
362,1647263011.819,29.0,5.251169204711914,0.0,12.67256,13.599813058678238,12.09,22.86529541015625
363,1647263011.869,52.0,2.23541259765625,0.0,21.2964,17.639506408193025,11.45,22.86529541015625
364,1647263011.924,41.0,7.246971130371094,0.0,21.2964,20.559838593076762,11.45,22.86529541015625
365,1647263011.975,55.0,2.2928714752197266,0.0,22.16752,21.607015520115027,23.33,22.86529541015625
366,1647263012.035,23.0,0.9794235229492188,0.0,22.16752,21.974925663362416,23.33,22.86529541015625
367,1647263012.088,37.0,1.9979476928710938,0.0,9.6332,16.8818049055216,16.98,22.86529541015625
368,1647263012.14,27.0,1.0504722595214844,0.0,9.6332,12.479697454504002,16.98,22.86529541015625
369,1647263012.208,23.0,11.474132537841797,0.0,10.47968,11.918359613604627,12.41,34.297943115234375
370,1647263012.258,59.0,31.358003616333008,0.0,10.47968,10.810851284731168,12.41,34.297943115234375
371,1647263012.309,99.0,1.0259151458740234,0.0,48.1012,28.881018915116655,15.96,34.297943115234375
372,1647263012.359,126.0,7.668495178222656,0.0,48.1012,43.67688481373105,15.96,34.297943115234375
373,1647263012.414,98.0,0.9312629699707031,0.0,48.1012,47.21006665513835,23.54,34.297943115234375
374,1647263012.47,85.0,2.3224353790283203,0.0,14.46904,21.063647158176465,23.54,34.297943115234375
375,1647263012.521,32.0,4.226446151733398,0.0,14.1332,16.693025815786296,23.47,34.297943115234375
376,1647263012.576,54.0,0.5629062652587891,0.0,14.1332,14.648793045577877,19.44,34.297943115234375
377,1647263012.64,22.0,2.500295639038086,0.0,14.92856,14.534851177351682,19.44,34.297943115234375
378,1647263012.707,25.0,0.8637905120849609,0.0,14.92856,14.773952158064718,10.41,34.297943115234375
379,1647263012.758,38.0,1.0442733764648438,0.0,6.9384,11.531456819217137,10.41,34.297943115234375
380,1647263012.809,26.0,0.949859619140625,0.0,6.9384,8.516615273885714,10.02,34.297943115234375
381,1647263012.863,42.0,1.2066364288330078,0.0,12.72976,10.83892037032082,10.02,34.297943115234375
382,1647263012.913,31.0,0.6351470947265625,0.0,12.72976,11.98723502272373,13.53,34.297943115234375
383,1647263012.971,22.0,1.146554946899414,0.0,15.12576,13.717204682878206,13.53,34.297943115234375
384,1647263013.036,22.0,1.4185905456542969,0.0,15.12576,14.182137980912549,12.01,34.297943115234375
385,1647263013.102,24.0,1.043081283569336,0.0,7.55264,12.142046584631261,6.75,34.297943115234375
386,1647263013.153,38.0,3.5638809204101562,0.0,7.03424,9.841787646115037,6.75,22.86529541015625
387,1647263013.205,51.0,3.3965110778808594,0.0,7.03424,7.998938402754759,12.74,22.86529541015625
388,1647263013.257,47.0,2.266407012939453,0.0,23.3076,11.070373764612903,12.74,22.86529541015625
389,1647263013.309,56.0,3.3011436462402344,0.0,23.3076,19.628382465689626,20.62,22.86529541015625
390,1647263013.366,23.0,1.2025833129882812,0.0,23.3076,22.201414545519135,20.62,22.86529541015625
391,1647263013.418,36.0,1.4591217041015625,0.0,17.3424,20.27171831868103,12.85,22.86529541015625
392,1647263013.474,25.0,3.3216476440429688,0.0,17.3424,18.016703091397485,12.85,22.86529541015625
393,1647263013.524,40.0,1.0225772857666016,0.0,23.99288,22.398519732227626,21.88,22.86529541015625
394,1647263013.604,22.0,3.3118724822998047,0.0,14.66992,22.408072753943074,15.42,22.86529541015625
395,1647263013.669,25.0,1.1272430419921875,0.0,14.66992,17.328818278122167,15.42,22.86529541015625
396,1647263013.723,40.0,4.498720169067383,0.0,11.01976,14.255732365734843,9.89,22.86529541015625
397,1647263013.776,32.0,1.0313987731933594,0.0,11.01976,11.671540616152038,9.89,22.86529541015625
398,1647263013.836,22.0,3.147602081298828,0.0,16.5168,12.205909534241405,17.74,22.86529541015625
399,1647263013.905,24.0,3.3521652221679688,0.0,16.5168,15.52447125607373,12.29,22.86529541015625
400,1647263013.958,68.0,4.547119140625,0.0,24.9012,22.467043865166197,12.29,22.86529541015625
401,1647263014.011,29.0,1.3926029205322266,0.0,24.9012,24.41091899445996,23.45,22.86529541015625
402,1647263014.074,26.0,4.067659378051758,0.0,14.8064,23.35195627580526,23.45,22.86529541015625
403,1647263014.137,26.0,1.4271736145019531,0.0,14.8064,17.742729326887037,12.64,22.86529541015625
404,1647263014.191,41.0,3.3826828002929688,0.0,14.19048,15.82420172736715,12.64,22.86529541015625
405,1647263014.244,28.0,5.53131103515625,0.0,14.19048,14.681671182535403,11.41,22.86529541015625
406,1647263014.294,47.0,0.8342266082763672,0.0,23.61928,16.513422852933083,11.41,22.86529541015625
407,1647263014.345,27.0,0.9403228759765625,0.0,23.61928,18.85891085655478,18.2,22.86529541015625
408,1647263014.396,41.0,4.754781723022461,0.0,9.05984,17.765275379825322,18.2,22.86529541015625
409,1647263014.451,57.0,1.6536712646484375,0.0,9.05984,11.350027428304518,9.01,22.86529541015625
410,1647263014.502,44.0,11.330842971801758,0.0,19.02112,13.036403341827846,9.01,22.86529541015625
411,1647263014.552,51.0,3.2465457916259766,0.0,19.02112,16.964717997680456,18.93,22.86529541015625
412,1647263014.605,49.0,1.5075206756591797,0.0,19.02112,18.60692518847424,18.93,22.86529541015625
413,1647263014.68,26.0,1.8343925476074219,0.0,28.5216,25.14818582887895,22.6,22.86529541015625
414,1647263014.732,40.0,1.8191337585449219,0.0,22.55264,25.21588373542141,19.73,22.86529541015625
415,1647263014.807,22.0,4.159688949584961,0.0,22.55264,23.918641509436878,19.73,22.86529541015625
416,1647263014.872,24.0,1.3451576232910156,0.0,12.33544,21.686189010440874,13.6,22.86529541015625
417,1647263014.923,37.0,3.7000179290771484,0.0,12.33544,16.007440833657036,12.34,22.86529541015625
418,1647263014.974,50.0,2.166748046875,0.0,24.6008,21.65272809572845,12.34,22.86529541015625
419,1647263015.038,24.0,1.861572265625,0.0,24.6008,23.922179999559937,24.68,22.86529541015625
420,1647263015.109,24.0,6.385326385498047,0.0,11.2752,22.537305414781105,24.68,22.86529541015625
421,1647263015.16,41.0,5.177974700927734,0.0,11.2752,12.438673482543257,8.45,22.86529541015625
422,1647263015.243,22.0,1.3320446014404297,0.0,32.61848,14.148160663423027,29.78,22.86529541015625
423,1647263015.297,35.0,1.2934207916259766,0.0,32.61848,25.365261255053234,29.78,22.86529541015625
424,1647263015.376,22.0,3.209829330444336,0.0,14.80976,27.544080709653052,13.24,22.86529541015625
425,1647263015.445,23.0,2.680063247680664,0.0,14.80976,19.81047558007708,8.69,22.86529541015625
426,1647263015.495,36.0,1.6095638275146484,0.0,17.1524,17.384305767099836,8.69,22.86529541015625
427,1647263015.547,24.0,1.6319751739501953,0.0,17.1524,17.307758746318836,18.09,22.86529541015625
428,1647263015.599,36.0,2.981424331665039,0.0,19.33624,18.969702611215634,18.09,22.86529541015625
429,1647263015.667,22.0,0.9543895721435547,0.0,19.33624,19.262413051527165,18.09,22.86529541015625
430,1647263015.718,33.0,0.6048679351806641,0.0,21.10528,20.282351589323916,30.03,22.86529541015625
431,1647263015.774,22.0,1.7116069793701172,0.0,21.10528,20.939528032449534,19.54,22.86529541015625
432,1647263015.839,22.0,4.00233268737793,0.0,19.96576,20.631988614724442,19.54,22.86529541015625
433,1647263015.91,22.0,3.735780715942383,0.0,16.33304,19.629086186522812,14.99,22.86529541015625
434,1647263015.974,22.0,1.2230873107910156,0.0,16.33304,17.465590856597004,14.99,22.86529541015625
435,1647263016.024,33.0,1.5759468078613281,0.0,10.95096,14.21976044634926,12.0,22.86529541015625
436,1647263016.075,24.0,1.3921260833740234,0.0,10.95096,12.627556957452148,12.0,22.86529541015625
437,1647263016.126,34.0,1.9497871398925781,0.0,12.21504,12.223820476453133,11.53,22.86529541015625
438,1647263016.179,25.0,3.215312957763672,0.0,12.21504,12.217349928901903,18.02,22.86529541015625
439,1647263016.23,34.0,6.320953369140625,0.0,19.66184,16.320445519568214,18.02,22.86529541015625
440,1647263016.282,30.0,2.541780471801758,0.0,19.66184,19.31664487621823,26.55,22.86529541015625
441,1647263016.339,22.0,1.1250972747802734,0.0,29.15824,20.671836336505127,26.55,22.86529541015625
442,1647263016.389,33.0,5.185127258300781,0.0,29.15824,25.825664043538307,10.66,22.86529541015625
443,1647263016.442,47.0,2.7327537536621094,0.0,20.03488,23.362271835560676,10.66,22.86529541015625
444,1647263016.493,32.0,1.8115043640136719,0.0,20.03488,20.910235524262944,21.56,22.86529541015625
445,1647263016.579,24.0,0.9860992431640625,0.0,20.0516,20.267254658893663,21.56,22.86529541015625
446,1647263016.649,23.0,5.528926849365234,0.0,20.0516,20.17801280175872,15.69,22.86529541015625
447,1647263016.714,22.0,5.505561828613281,0.0,12.96248,14.849733331200387,11.93,22.86529541015625
448,1647263016.765,36.0,3.678560256958008,0.0,12.96248,13.217134289469687,11.93,22.86529541015625
449,1647263016.835,24.0,1.30462646484375,0.0,32.3028,25.70858537709239,27.44,22.86529541015625
450,1647263016.888,36.0,1.1670589447021484,0.0,9.84,22.298800022700686,12.57,22.86529541015625
451,1647263016.94,23.0,3.9017200469970703,0.0,9.84,19.378768767380215,12.57,22.86529541015625
452,1647263017.014,24.0,0.9970664978027344,0.0,13.83552,12.2607124590505,15.7,22.86529541015625
453,1647263017.086,23.0,7.509946823120117,0.0,13.83552,12.780521979402973,15.7,22.86529541015625
454,1647263017.136,48.0,1.1143684387207031,0.0,21.52848,20.36587902515666,12.85,22.86529541015625
455,1647263017.214,23.0,3.762483596801758,0.0,5.20944,18.966830125086425,13.76,34.297943115234375
456,1647263017.281,22.0,6.226539611816406,0.0,5.20944,8.376269166959213,13.76,34.297943115234375
457,1647263017.337,23.0,1.2478828430175781,0.0,29.22696,18.821907754370493,23.29,34.297943115234375
458,1647263017.403,22.0,1.979827880859375,0.0,29.22696,22.256387890134917,23.29,34.297943115234375
459,1647263017.484,23.0,2.463102340698242,0.0,6.16192,18.038426122726367,11.93,34.297943115234375
460,1647263017.541,22.0,17.54593849182129,0.0,15.58432,9.731853060334752,11.93,34.297943115234375
461,1647263017.591,47.0,30.719757080078125,0.0,15.58432,14.681810646916658,15.83,34.297943115234375
462,1647263017.641,83.0,2.374410629272461,0.0,15.58432,15.477763349672022,15.83,34.297943115234375
463,1647263017.71,25.0,1.1861324310302734,0.0,45.21192,39.97934108034754,33.43,34.297943115234375
464,1647263017.76,36.0,3.700733184814453,0.0,19.03216,37.02122644205697,18.7,34.297943115234375
465,1647263017.813,22.0,4.159212112426758,0.0,19.03216,22.20255456734469,18.7,34.297943115234375
466,1647263017.878,24.0,1.323699951171875,0.0,19.03216,19.98536385996672,26.44,34.297943115234375
467,1647263017.942,23.0,1.1777877807617188,0.0,17.52664,18.898054960768448,26.44,34.297943115234375
468,1647263017.992,34.0,5.178928375244141,0.0,13.91032,17.69008461425571,7.47,34.297943115234375
469,1647263018.049,23.0,4.680156707763672,0.0,13.91032,14.576466030283255,7.47,34.297943115234375
470,1647263018.108,22.0,1.0881423950195312,0.0,13.91032,14.139213715233975,25.94,34.297943115234375
471,1647263018.182,24.0,1.2352466583251953,0.0,20.4784,17.620562068159547,8.03,34.297943115234375
472,1647263018.246,24.0,4.469871520996094,0.0,8.4048,17.05467185425532,8.03,34.297943115234375
473,1647263018.297,39.0,1.3289451599121094,0.0,8.4048,9.426065172939008,15.2,34.297943115234375
474,1647263018.374,25.0,3.0019283294677734,0.0,24.12912,10.771386650084356,15.2,34.297943115234375
475,1647263018.437,23.0,1.0945796966552734,0.0,24.12912,17.277819206175774,15.14,34.297943115234375
476,1647263018.488,26.0,1.7559528350830078,0.0,7.39048,15.616164976012284,4.56,34.297943115234375
477,1647263018.551,23.0,1.3751983642578125,0.0,7.39048,9.283959712605753,4.56,34.297943115234375
478,1647263018.609,25.0,2.3932456970214844,0.0,26.58536,17.07384155343254,22.26,34.297943115234375
479,1647263018.673,26.0,0.8130073547363281,0.0,26.58536,22.316635048369545,22.26,34.297943115234375
480,1647263018.724,32.0,1.5006065368652344,0.0,7.76792,17.514422464044443,11.93,34.297943115234375
481,1647263018.777,41.0,2.271413803100586,0.0,7.76792,12.142104678620779,11.93,34.297943115234375
482,1647263018.832,81.0,4.582643508911133,0.0,29.60016,15.855301040221603,17.47,34.297943115234375
483,1647263018.887,64.0,1.2633800506591797,0.0,29.60016,26.831708471615944,17.47,34.297943115234375
484,1647263018.941,23.0,3.974437713623047,0.0,14.7396,26.50012191428048,23.0,34.297943115234375
485,1647263019.012,25.0,4.966259002685547,0.0,14.7396,18.78062018427646,23.0,34.297943115234375
486,1647263019.063,40.0,1.9049644470214844,0.0,14.62576,15.585915522700155,15.34,34.297943115234375
487,1647263019.118,31.0,1.0418891906738281,0.0,14.62576,14.819151873433125,15.34,34.297943115234375
488,1647263019.174,27.0,0.3485679626464844,0.0,21.49464,15.560314196521157,23.14,34.297943115234375
489,1647263019.228,32.0,0.9026527404785156,0.0,21.49464,17.51910533087257,23.14,34.297943115234375
490,1647263019.284,26.0,1.39617919921875,0.0,8.38,17.816222744628153,8.23,34.297943115234375
491,1647263019.336,36.0,5.449771881103516,0.0,8.38,13.219922963530436,8.23,34.297943115234375
492,1647263019.387,63.0,0.4265308380126953,0.0,25.90256,11.684427331941897,8.67,34.297943115234375
493,1647263019.441,22.0,3.4592151641845703,0.0,25.90256,21.62776749300213,8.67,34.297943115234375
494,1647263019.505,23.0,0.9200572967529297,0.0,25.90256,24.22386649300072,20.0,34.297943115234375
495,1647263019.572,23.0,0.7982254028320312,0.0,10.21592,18.550123471309306,9.26,34.297943115234375
496,1647263019.625,36.0,6.16455078125,0.0,15.02744,15.618307431100328,9.26,34.297943115234375
497,1647263019.676,49.0,3.63922119140625,0.0,15.02744,15.163452441139015,12.66,34.297943115234375
498,1647263019.743,23.0,0.8268356323242188,0.0,18.42448,16.176123843977916,12.66,34.297943115234375
499,1647263019.816,26.0,7.728099822998047,0.0,18.42448,17.106534899753655,20.41,34.297943115234375
500,1647263019.873,70.0,1.5728473663330078,0.0,19.60992,19.032602827064522,10.45,34.297943115234375
501,1647263019.926,68.0,0.5600452423095703,0.0,19.60992,19.49363836957711,10.45,34.297943115234375
502,1647263019.976,45.0,1.4142990112304688,0.0,14.84048,16.064612319058043,22.65,34.297943115234375
503,1647263020.054,23.0,5.4168701171875,0.0,13.04368,15.09659174737645,13.52,34.297943115234375
504,1647263020.113,24.0,1.3947486877441406,0.0,13.04368,13.457171814015199,13.52,34.297943115234375
505,1647263020.164,39.0,0.8842945098876953,0.0,20.88296,15.84333848993388,15.88,34.297943115234375
506,1647263020.247,24.0,4.030704498291016,0.0,20.88296,18.29809309571285,15.88,34.297943115234375
507,1647263020.298,39.0,3.513813018798828,0.0,8.87464,12.320790465697149,9.0,34.297943115234375
508,1647263020.373,24.0,0.7257461547851562,0.0,8.87464,9.568754108534618,21.79,34.297943115234375
509,1647263020.438,22.0,0.8473396301269531,0.0,18.3604,13.851086264103433,21.79,34.297943115234375
510,1647263020.511,23.0,6.625890731811523,0.0,7.1312,13.935862087084917,6.96,34.297943115234375
511,1647263020.562,64.0,0.8053779602050781,0.0,7.1312,8.69757284926502,6.96,34.297943115234375
512,1647263020.614,27.0,0.9462833404541016,0.0,7.1312,7.669419676483621,15.72,34.297943115234375
513,1647263020.667,41.0,1.257181167602539,0.0,20.9968,14.16106754463685,15.72,34.297943115234375
514,1647263020.744,23.0,3.920316696166992,0.0,14.73656,18.159053709489783,12.44,34.297943115234375
515,1647263020.797,36.0,0.8938312530517578,0.0,14.73656,15.524387691473464,14.67,34.297943115234375
516,1647263020.881,25.0,2.802133560180664,0.0,15.99328,15.297733862628004,9.9,34.297943115234375
517,1647263020.945,25.0,1.2519359588623047,0.0,15.99328,15.720141880965352,9.9,34.297943115234375
518,1647263020.997,35.0,4.581928253173828,0.0,10.43208,13.161886063208362,9.84,34.297943115234375
519,1647263021.047,51.0,2.6733875274658203,0.0,10.43208,11.060457140032295,9.84,34.297943115234375
520,1647263021.114,27.0,0.8111000061035156,0.0,23.39224,12.268015987803654,22.8,34.297943115234375
521,1647263021.165,38.0,5.858898162841797,0.0,23.39224,16.87142411785073,22.8,34.297943115234375
522,1647263021.22,55.0,2.0008087158203125,0.0,19.542,19.74056875207065,9.22,34.297943115234375
523,1647263021.283,24.0,2.6578903198242188,0.0,19.542,19.63111672635025,15.05,22.86529541015625
524,1647263021.347,25.0,0.8432865142822266,0.0,9.11824,15.274165503532979,15.05,22.86529541015625
525,1647263021.399,38.0,1.064300537109375,0.0,9.11824,12.275669197322962,6.77,22.86529541015625
526,1647263021.452,25.0,4.358530044555664,0.0,12.44816,11.457283262258025,6.77,22.86529541015625
527,1647263021.502,41.0,1.0695457458496094,0.0,12.44816,12.220068964897298,18.83,22.86529541015625
528,1647263021.581,22.0,3.4356117248535156,0.0,16.52512,13.286707569977688,18.83,22.86529541015625
529,1647263021.632,37.0,1.1849403381347656,0.0,18.12104,16.153709936101308,9.92,22.86529541015625
530,1647263021.683,26.0,1.6834735870361328,0.0,18.12104,17.348477542527526,18.96,22.86529541015625
531,1647263021.738,41.0,0.7755756378173828,0.0,12.35392,15.914057731287837,18.96,22.86529541015625
532,1647263021.817,24.0,2.3682117462158203,0.0,12.35392,13.951693147385722,11.95,22.86529541015625
533,1647263021.887,24.0,6.448507308959961,0.0,8.16248,12.649502124270992,6.21,22.86529541015625
534,1647263021.938,42.0,3.647327423095703,0.0,8.16248,9.195352689277133,6.21,22.86529541015625
535,1647263021.989,60.0,0.8797645568847656,0.0,28.13056,10.896248130606033,23.24,22.86529541015625
536,1647263022.048,23.0,3.024578094482422,0.0,28.13056,19.290927444186266,23.24,22.86529541015625
537,1647263022.103,40.0,4.165887832641602,0.0,16.33016,21.91001466605277,12.64,22.86529541015625
538,1647263022.18,26.0,0.9355545043945312,0.0,16.33016,17.454038915280172,12.64,22.86529541015625
539,1647263022.243,22.0,0.9372234344482422,0.0,13.65448,15.603307718783995,17.33,22.86529541015625
540,1647263022.294,34.0,5.1898956298828125,0.0,10.82104,14.442667029492277,17.33,22.86529541015625
541,1647263022.345,49.0,1.2967586517333984,0.0,10.82104,11.6547064152549,13.07,22.86529541015625
542,1647263022.414,23.0,5.3195953369140625,0.0,14.55728,11.61544738638795,14.6,22.86529541015625
543,1647263022.476,23.0,1.4390945434570312,0.0,14.55728,13.783355690196474,14.6,22.86529541015625
544,1647263022.529,36.0,2.7616024017333984,0.0,14.14624,14.009732481673911,13.65,22.86529541015625
545,1647263022.58,24.0,0.67901611328125,0.0,14.14624,14.110328205965674,13.65,22.86529541015625
546,1647263022.649,24.0,3.5080909729003906,0.0,13.54464,14.04354503269247,15.65,22.86529541015625
547,1647263022.704,76.0,3.714323043823242,0.0,13.54464,13.768546243100115,15.65,22.86529541015625
548,1647263022.76,64.0,0.4246234893798828,0.0,19.04144,15.91980483152193,7.83,22.86529541015625
549,1647263022.814,88.0,1.0001659393310547,0.0,19.04144,17.640464749998944,7.83,22.86529541015625
550,1647263022.868,75.0,10.01119613647461,0.0,9.90656,17.270828866320137,11.75,22.86529541015625
551,1647263022.923,46.0,41.294097900390625,0.0,9.90656,13.211609392142098,11.58,22.86529541015625
552,1647263022.978,93.0,78.55224609375,0.0,38.772,18.155188194946767,11.58,22.86529541015625
553,1647263023.033,144.0,121.31404876708984,0.0,38.772,29.519271377362408,11.61,22.86529541015625
554,1647263023.089,196.0,124.09114837646484,0.0,6.43384,21.237294393445243,11.61,22.86529541015625
555,1647263023.143,210.0,126.78360939025879,0.0,6.43384,13.077561030938872,11.61,22.86529541015625
556,1647263023.199,247.0,109.03811454772949,0.0,12.82024,12.526269270816524,11.61,22.86529541015625
557,1647263023.254,265.0,122.86138534545898,0.0,12.82024,12.688307312935992,11.71,22.86529541015625
558,1647263023.31,240.0,162.94002532958984,0.0,9.57568,10.972612566603116,11.71,22.86529541015625
559,1647263023.362,255.0,190.74177742004395,0.0,13.90232,10.743446796296274,11.55,22.86529541015625
560,1647263023.416,252.0,150.32100677490234,0.0,13.90232,12.484632494115681,11.55,22.86529541015625
561,1647263023.471,253.0,210.65235137939453,0.0,8.47416,11.993843484116423,11.73,22.86529541015625
562,1647263023.526,244.0,210.03985404968262,0.0,8.47416,10.053777470637561,11.61,22.86529541015625
563,1647263023.58,235.0,193.02034378051758,0.0,17.14272,12.044386957256462,11.61,22.86529541015625
564,1647263023.633,233.0,190.9496784210205,0.0,17.14272,14.85461199773508,11.73,22.86529541015625
565,1647263023.687,188.0,148.23460578918457,0.0,14.90224,15.446892541361922,11.73,22.86529541015625
566,1647263023.744,143.0,170.52507400512695,0.0,14.90224,15.011942410551038,22.01,22.86529541015625
567,1647263023.796,121.0,128.21388244628906,0.0,22.4944,19.90776209031089,22.01,22.86529541015625
568,1647263023.847,114.0,82.60226249694824,0.0,22.4944,21.898978898883662,23.22,22.86529541015625
569,1647263023.901,113.0,28.791427612304688,0.0,23.5648,23.163275829640202,23.22,22.86529541015625
570,1647263023.951,121.0,1.4224052429199219,0.0,23.5648,23.472372697846527,23.61,22.86529541015625
571,1647263024.001,126.0,5.067348480224609,0.0,13.98616,17.25619016024785,23.61,22.86529541015625
572,1647263024.053,87.0,9.67550277709961,0.0,13.98616,14.738891934920263,23.28,22.86529541015625
573,1647263024.106,98.0,4.079103469848633,0.0,33.876,25.10114610751341,23.28,22.86529541015625
574,1647263024.161,123.0,9.080648422241211,0.0,33.876,32.10859316511802,23.28,22.86529541015625
575,1647263024.211,107.0,1.1029243469238281,0.0,20.07552,27.758266632835344,23.28,22.86529541015625
576,1647263024.266,97.0,5.356788635253906,0.0,20.07552,21.622957607042814,23.23,22.86529541015625
577,1647263024.32,51.0,4.778385162353516,0.0,11.29968,16.15709316297376,23.23,22.86529541015625
578,1647263024.37,36.0,2.5568008422851562,0.0,11.29968,12.417813420700696,22.71,22.86529541015625
579,1647263024.422,65.0,0.8549690246582031,0.0,27.02664,13.522934394644006,22.71,22.86529541015625
580,1647263024.485,22.0,1.8758773803710938,0.0,27.02664,20.10046873201849,23.23,22.86529541015625
581,1647263024.539,36.0,3.809213638305664,0.0,15.1556,19.005752462208722,7.6,22.86529541015625
582,1647263024.591,65.0,1.0995864868164062,0.0,15.1556,16.041870942649872,7.6,22.86529541015625
583,1647263024.644,41.0,6.719112396240234,0.0,14.92792,15.428482781316138,18.16,22.86529541015625
584,1647263024.694,52.0,0.29921531677246094,0.0,14.92792,15.0431451118383,18.16,22.86529541015625
585,1647263024.748,50.0,3.8182735443115234,0.0,14.92792,14.95112832377476,23.23,22.86529541015625
586,1647263024.816,22.0,1.180410385131836,0.0,27.2296,20.929072219441625,23.23,22.86529541015625
587,1647263024.867,35.0,1.7902851104736328,0.0,15.04432,21.546027627354004,14.8,22.86529541015625
588,1647263024.921,24.0,2.704143524169922,0.0,15.04432,16.754760480114918,14.8,22.86529541015625
589,1647263024.987,26.0,1.0123252868652344,0.0,15.04432,15.811957680225525,19.4,22.86529541015625
590,1647263025.04,41.0,3.3626556396484375,0.0,10.07448,13.017283569688423,19.4,22.86529541015625
591,1647263025.091,59.0,4.64320182800293,0.0,10.07448,10.751887276553653,9.6,22.86529541015625
592,1647263025.146,48.0,1.0306835174560547,0.0,25.97376,22.450328286878552,9.6,22.86529541015625
593,1647263025.222,24.0,6.424188613891602,0.0,9.44632,22.32653034173193,23.49,22.86529541015625
594,1647263025.274,66.0,0.8783340454101562,0.0,9.44632,12.411230162167124,11.23,22.86529541015625
595,1647263025.357,25.0,3.502368927001953,0.0,23.30256,11.860846018037842,16.53,11.432647705078125
596,1647263025.42,22.0,2.979755401611328,0.0,23.30256,20.668778939156876,16.53,11.432647705078125
597,1647263025.474,40.0,1.2707710266113281,0.0,18.33736,19.49530687850097,17.5,11.432647705078125
598,1647263025.526,26.0,4.216432571411133,0.0,18.33736,19.113093943995764,17.5,11.432647705078125
599,1647263025.581,41.0,2.9478073120117188,0.0,14.52808,15.561188652845987,14.25,11.432647705078125
600,1647263025.633,40.0,1.6434192657470703,0.0,14.52808,14.765892447326383,14.25,11.432647705078125
601,1647263025.685,22.0,4.886627197265625,0.0,24.5076,17.90381572719095,23.5,11.432647705078125
602,1647263025.736,41.0,8.839130401611328,0.0,24.5076,22.987467441622986,23.5,11.432647705078125
603,1647263025.789,50.0,4.645586013793945,0.0,27.91864,25.930741503698755,16.57,11.432647705078125
604,1647263025.84,71.0,1.3287067413330078,0.0,27.91864,27.46104340051406,16.57,11.432647705078125
605,1647263025.891,28.0,2.852201461791992,0.0,15.5452,24.813247788341826,23.51,11.432647705078125
606,1647263025.959,25.0,6.581544876098633,0.0,15.5452,20.298864525715974,23.51,11.432647705078125
607,1647263026.013,46.0,5.274534225463867,0.0,14.01992,15.378653893961507,7.04,11.432647705078125
608,1647263026.067,43.0,1.3432502746582031,0.0,14.01992,14.293592428099293,23.68,11.432647705078125
609,1647263026.16,24.0,2.4149417877197266,0.0,18.89576,15.73679816649159,8.78,11.432647705078125
610,1647263026.216,44.0,1.7895698547363281,0.0,18.8956,18.259424421608458,8.78,11.432647705078125
611,1647263026.287,22.0,4.379510879516602,0.0,18.8956,18.677004399246744,20.57,11.432647705078125
612,1647263026.348,26.0,1.2290477752685547,0.0,15.24456,17.33441384902434,20.57,22.86529541015625
613,1647263026.398,25.0,6.176948547363281,0.0,15.24456,16.844604353159262,13.26,22.86529541015625
614,1647263026.449,48.0,0.9317398071289062,0.0,18.804,17.08583763742692,13.26,22.86529541015625
615,1647263026.523,23.0,4.5223236083984375,0.0,18.804,18.129284678191887,19.88,22.86529541015625
616,1647263026.576,36.0,2.0101070404052734,0.0,11.68248,13.66830706355093,19.88,22.86529541015625
617,1647263026.628,37.0,0.9911060333251953,0.0,11.68248,12.082459802286934,16.54,22.86529541015625
618,1647263026.679,22.0,0.7386207580566406,0.0,20.23824,12.986410816721417,16.54,22.86529541015625
619,1647263026.76,22.0,6.664514541625977,0.0,20.23824,15.380080996358295,13.45,22.86529541015625
620,1647263026.814,66.0,1.7561912536621094,0.0,18.72,17.951180273304384,13.34,22.86529541015625
621,1647263026.869,74.0,3.8576126098632812,0.0,13.12696,17.254277704128725,13.34,22.86529541015625
622,1647263026.919,53.0,7.955312728881836,0.0,13.12696,14.077031922646725,23.54,22.86529541015625
623,1647263026.975,69.0,1.0600090026855469,0.0,13.12696,13.31832086256126,23.54,22.86529541015625
624,1647263027.053,26.0,5.596637725830078,0.0,27.97272,21.36754654708697,21.61,22.86529541015625
625,1647263027.108,51.0,3.197908401489258,0.0,15.32368,20.48108984869033,21.61,22.86529541015625
626,1647263027.19,23.0,0.9284019470214844,0.0,15.32368,17.3489737216854,15.47,22.86529541015625
627,1647263027.243,36.0,4.248380661010742,0.0,7.8124,12.70379387635396,7.56,22.86529541015625
628,1647263027.294,54.0,6.197929382324219,0.0,7.8124,8.938355479482782,7.56,22.86529541015625
629,1647263027.349,45.0,1.2052059173583984,0.0,26.57008,22.479015303479237,23.42,22.86529541015625
630,1647263027.421,24.0,5.965948104858398,0.0,11.64592,23.29883369513704,23.42,22.86529541015625
631,1647263027.474,46.0,1.2285709381103516,0.0,11.64592,14.3283173612936,14.3,22.86529541015625
632,1647263027.55,23.0,3.2987594604492188,0.0,22.14024,13.575174077407318,22.36,22.86529541015625
633,1647263027.612,23.0,0.415802001953125,0.0,22.14024,18.296278510409902,22.36,22.86529541015625
634,1647263027.668,27.0,1.2896060943603516,0.0,7.88128,17.41483698453258,7.84,22.86529541015625
635,1647263027.722,78.0,1.8186569213867188,0.0,7.88128,12.159895744298073,7.84,22.86529541015625
636,1647263027.778,118.0,1.1796951293945312,0.0,23.7028,15.023840372394272,11.5,22.86529541015625
637,1647263027.832,133.0,1.2655258178710938,0.0,23.7028,19.80772354878164,11.5,22.86529541015625
638,1647263027.886,90.0,0.9572505950927734,0.0,12.72,18.329525891840404,11.89,22.86529541015625
639,1647263027.941,142.0,0.5209445953369141,0.0,12.72,15.237528959843186,11.89,22.86529541015625
640,1647263027.995,99.0,2.973318099975586,0.0,8.14072,13.2774452116264,11.68,22.86529541015625
641,1647263028.049,54.0,3.595590591430664,0.0,8.14072,10.446058227930582,11.68,22.86529541015625
642,1647263028.104,74.0,1.4467239379882812,0.0,20.10344,10.67068500449297,11.55,22.86529541015625
643,1647263028.157,95.0,0.9505748748779297,0.0,20.10344,15.87006371648252,11.55,22.86529541015625
644,1647263028.213,148.0,14.72616195678711,0.0,5.65856,14.818001792070202,11.7,22.86529541015625
645,1647263028.266,63.0,42.50288009643555,0.0,5.65856,9.769274597302498,11.57,22.86529541015625
646,1647263028.321,98.0,87.86463737487793,0.0,31.752,16.116303217384495,11.57,22.86529541015625
647,1647263028.377,150.0,119.95339393615723,0.0,31.752,24.734772480858112,11.82,22.86529541015625
648,1647263028.432,197.0,160.9654426574707,0.0,9.6924,19.474033659364604,11.82,22.86529541015625
649,1647263028.488,251.0,179.7201633453369,0.0,9.6924,14.082351394617405,11.61,22.86529541015625
650,1647263028.541,239.0,219.18249130249023,0.0,12.86432,13.207603523961417,11.61,22.86529541015625
651,1647263028.598,265.0,184.60726737976074,0.0,12.86432,13.018384038507598,11.69,22.86529541015625
652,1647263028.652,246.0,189.41020965576172,0.0,13.91384,13.5119635564666,11.69,22.86529541015625
653,1647263028.706,209.0,234.6203327178955,0.0,10.68472,13.329839733485183,11.62,22.86529541015625
654,1647263028.763,255.0,221.93312644958496,0.0,10.68472,11.871837353533929,11.62,22.86529541015625
655,1647263028.816,246.0,222.66411781311035,0.0,12.72248,11.69509271089902,11.69,22.86529541015625
656,1647263028.869,252.0,251.97076797485352,0.0,12.72248,12.261393394258727,11.77,22.86529541015625
657,1647263028.925,254.0,313.6415481567383,0.0,9.71096,11.521509614872532,11.77,22.86529541015625
658,1647263028.979,226.0,328.57465744018555,0.0,9.71096,10.52352619125419,11.71,22.86529541015625
659,1647263029.034,263.0,356.14585876464844,0.0,12.89312,11.392472133159117,11.71,22.86529541015625
660,1647263029.088,243.0,441.178560256958,0.0,12.89312,12.219636262489457,11.53,22.86529541015625
661,1647263029.143,226.0,480.99541664123535,0.0,14.04,13.149498651449669,11.53,22.86529541015625
662,1647263029.199,263.0,530.562162399292,0.0,14.04,13.640347163560492,11.71,22.86529541015625
663,1647263029.253,210.0,515.5270099639893,0.0,10.75968,12.052509937460817,11.71,22.86529541015625
664,1647263029.308,238.0,602.0369529724121,0.0,8.54792,11.063426023682894,11.76,22.86529541015625
665,1647263029.362,246.0,626.1289119720459,0.0,8.54792,9.67686732734783,11.76,22.86529541015625
666,1647263029.418,262.0,623.9585876464844,0.0,13.83504,10.29375502546366,11.5,22.86529541015625
667,1647263029.473,263.0,681.9906234741211,0.0,13.83504,12.245727881587118,11.5,22.86529541015625
668,1647263029.527,219.0,733.3657741546631,0.0,12.312,12.619041973956461,11.69,22.86529541015625
669,1647263029.583,221.0,773.3948230743408,0.0,12.312,12.449799000526442,11.61,22.86529541015625
670,1647263029.636,252.0,827.5561332702637,0.0,12.34256,12.386489835407012,11.61,22.86529541015625
671,1647263029.691,245.0,876.0135173797607,0.0,12.34256,12.362275504477694,11.61,22.86529541015625
672,1647263029.747,245.0,861.2384796142578,0.0,11.79096,12.08272879496115,11.61,22.86529541015625
673,1647263029.801,236.0,923.170804977417,0.0,11.79096,11.921904469293152,11.74,22.86529541015625
674,1647263029.856,227.0,902.8027057647705,0.0,12.93,12.477571445113643,11.74,22.86529541015625
675,1647263029.911,255.0,907.0873260498047,0.0,11.80968,12.586912182564449,11.61,22.86529541015625
676,1647263029.966,217.0,903.7024974822998,0.0,11.80968,12.158498165002916,11.61,22.86529541015625
677,1647263030.02,247.0,919.4056987762451,0.0,11.54192,11.90347170949718,11.52,22.86529541015625
678,1647263030.076,256.0,938.5988712310791,0.0,11.54192,11.704182714655435,11.52,22.86529541015625
679,1647263030.13,245.0,912.2335910797119,0.0,9.936,10.950183567033761,11.72,22.86529541015625
680,1647263030.186,255.0,912.8246307373047,0.0,9.936,10.391160837089366,11.82,22.86529541015625
681,1647263030.241,248.0,905.5118560791016,0.0,12.93176,11.599481980143459,11.82,22.86529541015625
682,1647263030.296,256.0,912.7063751220703,0.0,12.93176,12.333839861610022,11.59,22.86529541015625
683,1647263030.35,245.0,904.7651290893555,0.0,12.87224,12.630608538355096,11.59,11.432647705078125
684,1647263030.405,255.0,906.0962200164795,0.0,10.71728,12.494426931186444,11.58,11.432647705078125
685,1647263030.46,246.0,896.6271877288818,0.0,10.71728,11.51485522318708,11.58,11.432647705078125
686,1647263030.516,257.0,935.4956150054932,0.0,10.74248,11.081134276400517,11.7,11.432647705078125
687,1647263030.571,248.0,907.203197479248,0.0,10.74248,10.894466453873614,11.7,11.432647705078125
688,1647263030.625,256.0,925.3759384155273,0.0,12.91376,11.527382840239627,11.75,11.432647705078125
689,1647263030.679,209.0,881.227970123291,0.0,12.91376,12.59462827617621,11.75,11.432647705078125
690,1647263030.734,154.0,834.3486785888672,0.0,20.07856,16.798752670898626,17.65,11.432647705078125
691,1647263030.787,124.0,781.5823554992676,0.0,20.07856,19.417950266598837,23.54,11.432647705078125
692,1647263030.838,123.0,724.6124744415283,0.0,22.57896,21.567733766464432,23.54,11.432647705078125
693,1647263030.888,130.0,669.8379516601562,0.0,22.57896,22.346184691483067,23.51,11.432647705078125
694,1647263030.942,131.0,614.069938659668,0.0,25.62512,24.66238327218416,23.51,11.432647705078125
695,1647263030.996,129.0,557.2390556335449,0.0,25.62512,25.431208227361765,23.26,11.432647705078125
696,1647263031.051,130.0,502.882719039917,0.0,21.34208,22.28894064010558,23.26,11.432647705078125
697,1647263031.104,131.0,458.29010009765625,0.0,21.34208,21.532794054901395,23.29,11.432647705078125
698,1647263031.155,125.0,466.8557643890381,0.0,25.82192,24.834601255659717,23.29,11.432647705078125
699,1647263031.207,129.0,457.1986198425293,0.0,21.37768,25.03911798341592,23.49,11.432647705078125
700,1647263031.261,126.0,460.4647159576416,0.0,21.37768,22.115156725729502,23.49,11.432647705078125
701,1647263031.311,123.0,459.45072174072266,0.0,25.65856,22.550771850212612,23.34,11.432647705078125
702,1647263031.365,122.0,461.1673355102539,0.0,25.65856,25.03259789457935,23.34,11.432647705078125
703,1647263031.416,132.0,461.14611625671387,0.0,21.42328,24.11649579490227,23.19,11.432647705078125
704,1647263031.47,131.0,460.03150939941406,0.0,21.42328,21.965740086748355,23.19,11.432647705078125
705,1647263031.525,132.0,461.1852169036865,0.0,24.52504,23.04338039247645,23.52,11.432647705078125
706,1647263031.58,132.0,348.79446029663086,0.0,24.52504,24.2266082141958,23.52,11.432647705078125
707,1647263031.631,126.0,65.27900695800781,0.0,22.9952,23.62167572418419,23.51,11.432647705078125
708,1647263031.681,94.0,0.5166530609130859,0.0,22.9952,23.059920393363473,23.51,11.432647705078125
709,1647263031.732,34.0,0.7569789886474609,0.0,12.81976,20.61701742977589,29.76,11.432647705078125
710,1647263031.782,22.0,0.4715919494628906,0.0,12.81976,19.6423602510539,29.76,11.432647705078125
711,1647263031.85,24.0,0.6892681121826172,0.0,12.81976,16.819043008491313,17.65,11.432647705078125
712,1647263031.926,23.0,1.401662826538086,0.0,5.08416,15.352182632429898,4.26,11.432647705078125
713,1647263031.988,23.0,0.3371238708496094,0.0,5.08416,11.962932974459871,4.26,11.432647705078125
714,1647263032.055,24.0,0.4146099090576172,0.0,3.98896,9.330898926249485,4.42,11.432647705078125
715,1647263032.122,24.0,1.35040283203125,0.0,3.49984,8.6020165604683,4.42,11.432647705078125
716,1647263032.186,23.0,0.5640983581542969,0.0,3.49984,6.917899687969975,4.12,11.432647705078125
717,1647263032.249,23.0,0.7271766662597656,0.0,6.27768,6.136902955026759,4.52,11.432647705078125
718,1647263032.328,23.0,1.6453266143798828,0.0,6.27768,6.169897574942363,4.52,11.432647705078125
719,1647263032.392,23.0,0.5590915679931641,0.0,4.1748,5.712611695713339,4.15,11.432647705078125
720,1647263032.455,22.0,0.5218982696533203,0.0,4.1748,5.076236982765557,4.15,11.432647705078125
721,1647263032.522,23.0,1.3561248779296875,0.0,5.95312,5.281756439929879,5.92,11.432647705078125
722,1647263032.586,23.0,0.4076957702636719,0.0,5.95312,5.5033588650311485,5.92,11.432647705078125
723,1647263032.727,22.0,1.3952255249023438,0.0,2.92832,4.938797989659538,4.29,11.432647705078125
724,1647263032.794,23.0,0.4761219024658203,0.0,2.92832,4.275183184478949,2.91,11.432647705078125
725,1647263032.859,24.0,0.4703998565673828,0.0,3.95032,4.140748834456532,4.03,11.432647705078125
726,1647263032.924,22.0,1.1785030364990234,0.0,3.95032,4.116945230149465,4.03,11.432647705078125
727,1647263033.022,23.0,1.1713504791259766,0.0,6.12608,4.571889636604036,5.25,11.432647705078125
728,1647263033.087,24.0,0.4782676696777344,0.0,3.8252,4.797283877646845,3.89,11.432647705078125
729,1647263033.152,24.0,0.5383491516113281,0.0,3.8252,4.476420253970446,3.89,11.432647705078125
730,1647263033.229,23.0,1.271963119506836,0.0,3.91672,4.345240506946122,4.54,11.432647705078125
731,1647263033.294,24.0,0.7252693176269531,0.0,3.91672,4.203795261489296,4.54,11.432647705078125
732,1647263033.358,24.0,0.7119178771972656,0.0,5.04656,4.481973466193025,5.02,11.432647705078125
733,1647263033.423,25.0,1.1687278747558594,0.0,5.04656,4.614298435054034,5.02,22.86529541015625
734,1647263033.486,23.0,0.640869140625,0.0,5.52,4.826572239338244,5.26,22.86529541015625
735,1647263033.566,22.0,10.196208953857422,0.0,2.62968,4.627804370743342,2.84,22.86529541015625
736,1647263033.618,23.0,0.5841255187988281,0.0,2.62968,2.836103633464854,2.84,22.86529541015625
737,1647263033.695,23.0,1.355886459350586,0.0,18.89856,4.843910679281747,18.7,22.86529541015625
738,1647263033.759,23.0,0.4010200500488281,0.0,18.89856,8.137969113825088,18.7,22.86529541015625
739,1647263033.822,23.0,0.5083084106445312,0.0,2.9252,6.41734805867579,3.01,22.86529541015625
740,1647263033.886,23.0,1.1258125305175781,0.0,2.9252,5.980829551341316,3.01,22.86529541015625
741,1647263033.994,23.0,1.0344982147216797,0.0,5.60232,5.599683078339982,1.1,22.86529541015625
742,1647263034.093,23.0,1.2366771697998047,0.0,2.6748,4.914415968497292,1.1,22.86529541015625
743,1647263034.157,22.0,0.5822181701660156,0.0,4.31304,4.3799477288956465,3.63,22.86529541015625
744,1647263034.224,22.0,0.6232261657714844,0.0,4.31304,4.357862951193763,4.23,22.86529541015625
745,1647263034.29,24.0,1.1572837829589844,0.0,4.96368,4.428687572007725,4.23,22.86529541015625
746,1647263034.355,23.0,0.5316734313964844,0.0,4.96368,4.605276869528613,4.89,22.86529541015625
747,1647263034.421,23.0,0.8020401000976562,0.0,6.07544,4.862547902828738,4.32,34.297943115234375
748,1647263034.489,25.0,1.4545917510986328,0.0,6.07544,5.146819488103253,4.32,34.297943115234375
749,1647263034.563,23.0,0.5040168762207031,0.0,3.53336,4.768664920579053,3.51,34.297943115234375
750,1647263034.628,23.0,0.5214214324951172,0.0,3.53336,4.3609177885910455,3.51,34.297943115234375
751,1647263034.697,25.0,1.6489028930664062,0.0,4.65848,4.430658931890019,4.63,34.297943115234375
752,1647263034.793,23.0,1.0714530944824219,0.0,5.418,4.619875472526351,5.39,34.297943115234375
753,1647263034.893,24.0,1.1439323425292969,0.0,5.418,4.883318920071363,2.82,34.297943115234375
754,1647263034.987,22.0,1.2407302856445312,0.0,4.39912,4.881274798179637,2.82,34.297943115234375
755,1647263035.096,22.0,1.4591217041015625,0.0,2.7092,4.32605104643675,4.03,34.297943115234375
756,1647263035.16,23.0,0.8299350738525391,0.0,3.02816,3.83223388462462,3.22,34.297943115234375
757,1647263035.225,22.0,0.6499290466308594,0.0,3.02816,3.566826684426259,3.22,34.297943115234375
758,1647263035.292,22.0,1.6851425170898438,0.0,4.94448,3.889714180263855,4.92,34.297943115234375
759,1647263035.359,25.0,0.6520748138427734,0.0,4.94448,4.326195641311893,4.91,34.297943115234375
760,1647263035.424,25.0,0.8840560913085938,0.0,5.2916,4.644854501894491,4.91,45.7305908203125
761,1647263035.5,24.0,0.6971359252929688,0.0,4.32152,4.67517547801297,4.65,45.7305908203125
762,1647263035.563,24.0,0.7183551788330078,0.0,4.32152,4.558441540934471,4.65,45.7305908203125
763,1647263035.631,23.0,0.7734298706054688,0.0,5.28296,4.79758923543071,4.5,45.7305908203125
764,1647263035.697,23.0,2.025127410888672,0.0,4.76664,4.846808008376638,4.5,45.7305908203125
765,1647263035.763,24.0,0.6814002990722656,0.0,4.76664,4.813633014675857,4.42,45.7305908203125
766,1647263035.825,22.0,0.5176067352294922,0.0,5.6204,4.904841648503554,5.29,45.7305908203125
767,1647263035.893,23.0,1.2934207916259766,0.0,5.6204,4.994286442440609,5.29,45.7305908203125
768,1647263035.956,23.0,0.4100799560546875,0.0,3.164,4.833981807493592,4.14,45.7305908203125
769,1647263036.055,23.0,0.44655799865722656,0.0,3.164,4.282757343691997,3.06,45.7305908203125
770,1647263036.123,24.0,0.6513595581054688,0.0,3.17272,3.916358298606161,3.06,45.7305908203125
771,1647263036.197,22.0,1.6226768493652344,0.0,3.48552,3.8625035112803907,3.94,45.7305908203125
772,1647263036.262,22.0,0.6575584411621094,0.0,3.48552,3.7380695007210436,3.94,45.7305908203125
773,1647263036.327,22.0,0.61798095703125,0.0,6.16064,3.989098435053356,4.8,45.7305908203125
774,1647263036.393,23.0,1.478433609008789,0.0,6.16064,4.498053489337725,4.8,45.7305908203125
775,1647263036.489,22.0,1.104593276977539,0.0,4.62192,4.854496927427421,5.12,34.297943115234375
776,1647263036.554,22.0,0.6017684936523438,0.0,4.62192,4.777728371303919,4.44,34.297943115234375
777,1647263036.631,23.0,0.6387233734130859,0.0,4.45952,4.672694748744616,4.44,34.297943115234375
778,1647263036.699,24.0,1.5375614166259766,0.0,3.4536,4.4969919170075965,3.46,34.297943115234375
779,1647263036.762,23.0,0.4496574401855469,0.0,3.4536,4.1525910694015735,3.46,34.297943115234375
780,1647263036.86,22.0,0.3905296325683594,0.0,5.72,4.669958470321758,4.86,34.297943115234375
781,1647263036.925,22.0,0.3521442413330078,0.0,3.3504,4.619861953840096,3.16,34.297943115234375
782,1647263036.992,23.0,1.214742660522461,0.0,3.3504,4.461179209610084,3.16,34.297943115234375
783,1647263037.057,23.0,0.37479400634765625,0.0,2.82816,4.135560332357721,2.8,34.297943115234375
784,1647263037.154,23.0,0.4057884216308594,0.0,2.82816,3.7040160820287076,3.51,34.297943115234375
785,1647263037.264,23.0,0.5025863647460938,0.0,3.40112,3.6040367112028253,1.55,34.297943115234375
786,1647263037.33,23.0,0.48828125,0.0,5.31728,3.7765783436378304,4.0,34.297943115234375
787,1647263037.397,23.0,1.1563301086425781,0.0,5.31728,4.137680294347714,4.0,34.297943115234375
788,1647263037.458,22.0,0.5109310150146484,0.0,4.6184,4.326788975359968,4.75,34.297943115234375
789,1647263037.525,23.0,0.6482601165771484,0.0,4.6184,4.423043395602479,4.11,34.297943115234375
790,1647263037.591,23.0,1.4603137969970703,0.0,4.83344,4.495710099758148,4.11,34.297943115234375
791,1647263037.657,23.0,0.476837158203125,0.0,4.83344,4.635468932988115,5.27,34.297943115234375
792,1647263037.766,24.0,0.3688335418701172,0.0,4.49512,4.589142820341647,3.04,34.297943115234375
793,1647263037.83,23.0,0.6020069122314453,0.0,5.16416,4.778943412846065,3.04,34.297943115234375
794,1647263037.897,24.0,1.1010169982910156,0.0,5.16416,4.8270954862403075,3.94,34.297943115234375
795,1647263037.993,22.0,1.163482666015625,0.0,3.48936,4.545821858946143,3.61,34.297943115234375
796,1647263038.057,23.0,0.4277229309082031,0.0,4.02704,4.2643169094111855,3.61,34.297943115234375
797,1647263038.125,24.0,0.4303455352783203,0.0,4.02704,4.185996992046947,4.55,34.297943115234375
798,1647263038.192,24.0,1.0852813720703125,0.0,3.74928,4.131407368041079,4.55,34.297943115234375
799,1647263038.298,22.0,0.7522106170654297,0.0,3.10096,3.924235482886895,1.36,34.297943115234375
800,1647263038.365,23.0,0.6229877471923828,0.0,3.10096,3.6524902551371192,1.36,34.297943115234375
801,1647263038.429,22.0,0.8356571197509766,0.0,4.38392,3.893919213890687,4.25,45.7305908203125
802,1647263038.496,23.0,1.1165142059326172,0.0,4.38392,4.008763148135057,4.25,45.7305908203125
803,1647263038.56,23.0,0.7104873657226562,0.0,5.8008,4.464675468379541,5.06,45.7305908203125
804,1647263038.625,22.0,0.6270408630371094,0.0,5.8008,5.0175883299754105,5.31,45.7305908203125
805,1647263038.693,24.0,1.3535022735595703,0.0,6.13592,5.279697315137423,5.31,45.7305908203125
806,1647263038.8,23.0,0.9784698486328125,0.0,4.06792,5.303817693539329,4.47,45.7305908203125
807,1647263038.865,23.0,0.6513595581054688,0.0,4.06792,5.014154171616049,2.36,45.7305908203125
808,1647263038.919,32.0,1.6739368438720703,0.0,2.60672,3.8415144983627614,2.36,45.7305908203125
809,1647263038.999,23.0,0.8676052093505859,0.0,2.60672,2.82434028518856,10.32,45.7305908203125
810,1647263039.067,24.0,1.0440349578857422,0.0,19.61416,11.002511442052127,10.49,45.7305908203125
811,1647263039.134,25.0,1.811981201171875,0.0,19.61416,13.02086657282116,10.49,45.7305908203125
812,1647263039.197,22.0,0.5846023559570312,0.0,8.26312,12.536768504839175,6.27,45.7305908203125
813,1647263039.296,23.0,0.5457401275634766,0.0,4.20544,10.618920619452807,4.6,45.7305908203125
814,1647263039.363,23.0,0.5855560302734375,0.0,4.20544,8.501970961859984,4.34,45.7305908203125
815,1647263039.43,24.0,1.7828941345214844,0.0,3.67,7.36947776767405,4.34,45.7305908203125
816,1647263039.494,23.0,0.1437664031982422,0.0,3.67,6.148361082641014,4.6,45.7305908203125
817,1647263039.56,22.0,0.7886886596679688,0.0,5.43704,5.85400335923366,4.6,45.7305908203125
818,1647263039.626,23.0,1.5687942504882812,0.0,5.43704,5.756277571913271,5.67,45.7305908203125
819,1647263039.692,24.0,0.4525184631347656,0.0,7.39056,6.108760482746585,3.99,45.7305908203125
820,1647263039.742,29.0,1.275777816772461,0.0,7.39056,6.409182244602855,3.99,45.7305908203125
821,1647263039.833,22.0,1.5163421630859375,0.0,3.62016,5.755505156024061,3.55,45.7305908203125
822,1647263039.902,26.0,0.7040500640869141,0.0,4.59328,4.99350012685883,4.13,45.7305908203125
823,1647263039.965,23.0,0.7419586181640625,0.0,4.59328,4.8613962177980055,4.13,45.7305908203125
824,1647263040.031,23.0,1.394033432006836,0.0,5.60216,4.924666479251598,5.12,45.7305908203125
825,1647263040.098,27.0,0.6453990936279297,0.0,5.60216,5.205025736494893,5.12,45.7305908203125
826,1647263040.163,24.0,0.6189346313476562,0.0,7.71624,6.244212303057674,4.79,45.7305908203125
827,1647263040.227,24.0,1.0993480682373047,0.0,7.71624,6.589218794528532,4.79,45.7305908203125
828,1647263040.337,24.0,1.1093616485595703,0.0,4.58144,6.2265050908657935,2.0,45.7305908203125
829,1647263040.434,23.0,1.8455982208251953,0.0,2.95952,5.303367590169858,2.0,34.297943115234375
830,1647263040.501,25.0,0.6923675537109375,0.0,4.64848,4.544560425780719,3.53,34.297943115234375
831,1647263040.566,24.0,0.6928443908691406,0.0,4.64848,4.587564253491091,4.93,34.297943115234375
832,1647263040.633,24.0,1.3501644134521484,0.0,6.39496,4.820151381579116,4.93,34.297943115234375
833,1647263040.694,22.0,0.4935264587402344,0.0,6.39496,5.3399612575813205,7.17,34.297943115234375
834,1647263040.76,22.0,0.5536079406738281,0.0,6.58648,5.712133264356235,7.17,34.297943115234375
835,1647263040.828,24.0,1.375436782836914,0.0,6.58648,5.917058280522744,4.0,34.297943115234375
836,1647263040.894,25.0,0.7319450378417969,0.0,4.52984,5.712052278206813,4.29,34.297943115234375
837,1647263040.958,23.0,0.8146762847900391,0.0,4.52984,5.32182986606433,4.29,34.297943115234375
838,1647263041.038,24.0,2.0287036895751953,0.0,5.91904,5.386005086054815,5.74,34.297943115234375
839,1647263041.102,23.0,0.8103847503662109,0.0,5.91904,5.606584719633207,4.52,34.297943115234375
840,1647263041.167,23.0,0.7781982421875,0.0,6.73,6.0714745878514,4.52,34.297943115234375
841,1647263041.232,22.0,1.901388168334961,0.0,6.73,6.225816481323729,6.18,34.297943115234375
842,1647263041.297,23.0,0.7610321044921875,0.0,8.88664,6.976862268115475,6.28,34.297943115234375
843,1647263041.394,22.0,0.5252361297607422,0.0,5.78408,7.3793433558948385,6.28,34.297943115234375
844,1647263041.493,22.0,0.6654262542724609,0.0,5.78408,6.71919409118738,5.24,34.297943115234375
845,1647263041.56,23.0,0.6856918334960938,0.0,4.81968,5.933140286362524,4.54,34.297943115234375
846,1647263041.627,22.0,1.9571781158447266,0.0,5.88256,5.805033031746307,4.54,34.297943115234375
847,1647263041.737,24.0,1.8985271453857422,0.0,3.52992,5.543035114556367,3.83,34.297943115234375
848,1647263041.802,23.0,0.8072853088378906,0.0,3.52992,4.7099711206176345,3.83,34.297943115234375
849,1647263041.869,24.0,0.8256435394287109,0.0,7.83816,5.231388051905014,5.43,34.297943115234375
850,1647263041.934,23.0,1.8754005432128906,0.0,7.83816,5.842350227239777,5.43,34.297943115234375
851,1647263042.001,25.0,0.8881092071533203,0.0,6.26304,6.471362953028004,5.5,34.297943115234375
852,1647263042.064,23.0,1.1310577392578125,0.0,6.26304,6.385155090385801,5.8,34.297943115234375
853,1647263042.129,22.0,1.497030258178711,0.0,6.67872,6.408494366076629,5.8,34.297943115234375
854,1647263042.194,22.0,0.7212162017822266,0.0,6.67872,6.520318694567867,6.09,34.297943115234375
855,1647263042.261,24.0,0.36263465881347656,0.0,6.47696,6.502376070717149,5.37,34.297943115234375
856,1647263042.338,24.0,2.201557159423828,0.0,3.77936,6.159219179142817,5.37,34.297943115234375
857,1647263042.404,26.0,0.7083415985107422,0.0,3.77936,5.0000110383256,3.43,34.297943115234375
858,1647263042.469,24.0,0.7824897766113281,0.0,9.00872,5.720514478276309,6.42,22.86529541015625
859,1647263042.536,26.0,1.3170242309570312,0.0,9.00872,6.4911876474303,6.42,22.86529541015625
860,1647263042.632,23.0,1.4796257019042969,0.0,4.69968,6.783540005993347,4.99,22.86529541015625
861,1647263042.73,23.0,1.3949871063232422,0.0,4.85032,5.940030477146003,4.1,22.86529541015625
862,1647263042.797,25.0,0.5440711975097656,0.0,4.85032,5.489088275299697,4.76,22.86529541015625
863,1647263042.861,23.0,0.5624294281005859,0.0,4.35232,5.113865934429289,4.76,22.86529541015625
864,1647263042.94,26.0,1.6334056854248047,0.0,6.49536,5.203258606047424,4.45,22.86529541015625
865,1647263043.003,24.0,0.7753372192382812,0.0,6.49536,5.737953885039029,4.42,22.86529541015625
866,1647263043.068,23.0,0.7159709930419922,0.0,6.06264,5.949963690912771,4.42,22.86529541015625
867,1647263043.134,23.0,1.486063003540039,0.0,6.06264,5.976372200855091,5.8,22.86529541015625
868,1647263043.2,24.0,0.5235671997070312,0.0,6.04112,6.0070276499641295,5.36,22.86529541015625
869,1647263043.266,23.0,0.7619857788085938,0.0,5.93232,6.007535690323211,5.36,22.86529541015625
870,1647263043.334,24.0,1.4789104461669922,0.0,5.93232,5.982708636290744,5.69,22.86529541015625
871,1647263043.397,23.0,0.7140636444091797,0.0,5.67296,5.929436893489765,5.86,22.86529541015625
872,1647263043.464,24.0,0.72479248046875,0.0,5.67296,5.804509290432206,5.86,22.86529541015625
873,1647263043.539,23.0,1.352071762084961,0.0,7.5032,6.002457425487157,6.78,45.7305908203125
874,1647263043.602,23.0,0.42057037353515625,0.0,7.5032,6.497819720590028,3.79,45.7305908203125
875,1647263043.672,25.0,0.598907470703125,0.0,6.66272,6.808804538363442,3.79,45.7305908203125
876,1647263043.739,27.0,1.5566349029541016,0.0,6.66272,6.774565974684511,4.41,45.7305908203125
877,1647263043.802,25.0,0.6818771362304688,0.0,6.05528,6.652352056937868,5.67,45.7305908203125
878,1647263043.866,26.0,0.6396770477294922,0.0,6.05528,6.405272677907181,5.67,45.7305908203125
879,1647263043.932,25.0,1.817464828491211,0.0,6.4172,6.368483144022686,5.74,45.7305908203125
880,1647263043.999,26.0,0.6871223449707031,0.0,6.4172,6.388643073437127,5.74,45.7305908203125
881,1647263044.07,23.0,0.7495880126953125,0.0,4.91824,5.903295183962761,4.89,45.7305908203125
882,1647263044.134,22.0,1.3718605041503906,0.0,4.91824,5.672422875221488,4.89,45.7305908203125
883,1647263044.197,23.0,0.7092952728271484,0.0,6.88856,5.8852773558612705,5.74,45.7305908203125
884,1647263044.249,34.0,1.3728141784667969,0.0,16.8728,8.640510383648172,4.4,45.7305908203125
885,1647263044.299,55.0,0.8068084716796875,0.0,16.8728,14.977799957776899,4.4,45.7305908203125
886,1647263044.37,26.0,2.835988998413086,0.0,6.18376,14.686202852296809,19.12,45.7305908203125
887,1647263044.435,27.0,0.7534027099609375,0.0,6.18376,10.544738912919694,19.12,45.7305908203125
888,1647263044.529,22.0,0.5505084991455078,0.0,8.52464,9.708784895000047,6.55,22.86529541015625
889,1647263044.583,32.0,0.5180835723876953,0.0,1.83712,7.1105205058301095,4.3,22.86529541015625
890,1647263044.672,22.0,1.6245841979980469,0.0,5.48248,6.330237262276178,4.3,22.86529541015625
891,1647263044.771,22.0,1.9810199737548828,0.0,5.52024,5.984139742852809,4.48,22.86529541015625
892,1647263044.837,25.0,0.6742477416992188,0.0,5.52024,5.792169512350976,4.2,22.86529541015625
893,1647263044.935,22.0,0.6737709045410156,0.0,4.6532,5.476427587684251,5.36,22.86529541015625
894,1647263045.004,25.0,0.6763935089111328,0.0,4.6532,5.135760897956514,4.77,22.86529541015625
895,1647263045.07,26.0,1.7075538635253906,0.0,5.27448,5.168273187497955,4.77,22.86529541015625
896,1647263045.132,23.0,0.7519721984863281,0.0,5.27448,5.203329733030856,5.08,22.86529541015625
897,1647263045.2,25.0,0.8649826049804688,0.0,5.47144,5.314278683839621,4.9,22.86529541015625
898,1647263045.266,25.0,1.8148422241210938,0.0,6.8568,5.524283367314711,4.9,22.86529541015625
899,1647263045.338,23.0,0.8349418640136719,0.0,6.8568,5.964117958962785,4.74,22.86529541015625
900,1647263045.406,25.0,0.8437633514404297,0.0,2.5968,4.323927469979478,4.74,22.86529541015625
901,1647263045.472,25.0,1.7709732055664062,0.0,2.5968,3.919131969203038,6.21,22.86529541015625
